50.010,-100.164
50.110,-101.890
50.210,-102.430
50.310,-101.405
50.410,-100.125
50.510,-102.282
50.610,-97.080
50.710,-95.781
50.810,-100.994
50.910,-98.813
51.010,-100.075
51.110,-100.151
51.210,-99.271
51.310,-95.159
51.410,-98.168
51.510,-98.348
51.610,-98.921
51.710,-98.454
51.810,-97.274
51.910,-99.143
52.010,-97.134
52.110,-97.152
52.210,-95.962
52.310,-98.862
52.410,-95.417
52.510,-97.057
52.610,-97.412
52.710,-96.670
52.810,-95.664
52.910,-96.210
53.010,-96.520
53.110,-98.682
53.210,-96.572
53.310,-96.010
53.410,-96.519
53.510,-97.302
53.610,-96.053
53.710,-90.222
53.810,-91.054
53.910,-95.672
54.010,-94.353
54.110,-94.009
54.210,-94.109
54.310,-96.032
54.410,-95.454
54.510,-94.877
54.610,-95.444
54.710,-95.414
54.810,-95.428
54.910,-94.737
55.010,-92.299
55.110,-93.560
55.210,-92.837
55.310,-95.001
55.410,-92.976
55.510,-93.903
55.610,-94.085
55.710,-95.097
55.810,-97.368
55.910,-95.037
56.010,-96.899
56.110,-97.755
56.210,-98.172
56.310,-94.646
56.410,-95.933
56.510,-96.153
56.610,-94.307
56.710,-90.746
56.810,-84.329
56.910,-87.148
57.010,-93.861
57.110,-94.838
57.210,-96.885
57.310,-97.840
57.410,-96.913
57.510,-95.863
57.610,-96.780
57.710,-97.275
57.810,-95.453
57.910,-95.752
58.010,-97.260
58.110,-97.099
58.210,-96.765
58.310,-95.166
58.410,-95.585
58.510,-98.069
58.610,-98.329
58.710,-99.156
58.810,-98.834
58.910,-99.003
59.010,-99.459
59.110,-93.286
59.210,-96.544
59.310,-95.474
59.410,-96.277
59.510,-97.233
59.610,-98.093
59.710,-95.278
59.810,-94.223
59.910,-92.055
60.010,-92.990
60.110,-98.069
60.210,-98.380
60.310,-99.780
60.410,-95.898
60.510,-96.690
60.610,-97.215
60.710,-95.048
60.810,-94.953
60.910,-93.602
61.010,-94.386
61.110,-94.372
61.210,-89.442
61.310,-95.839
61.410,-94.140
61.510,-95.446
61.610,-96.819
61.710,-95.922
61.810,-96.810
61.910,-96.422
62.010,-93.166
62.110,-93.017
62.210,-91.826
62.310,-92.479
62.410,-91.354
62.510,-91.511
62.610,-90.416
62.710,-91.565
62.810,-92.786
62.910,-92.164
63.010,-91.465
63.110,-92.588
63.210,-93.174
63.310,-93.452
63.410,-94.179
63.510,-92.992
63.610,-90.246
63.710,-90.577
63.810,-90.450
63.910,-92.692
64.010,-92.264
64.110,-92.919
64.210,-94.146
64.310,-93.241
64.410,-95.938
64.510,-94.185
64.610,-95.379
64.710,-95.441
64.810,-96.088
64.910,-95.597
65.010,-96.924
65.110,-95.794
65.210,-96.540
65.310,-97.355
65.410,-95.870
65.510,-96.945
65.610,-97.314
65.710,-99.279
65.810,-98.036
65.910,-98.507
66.010,-92.379
66.110,-94.244
66.210,-98.947
66.310,-97.630
66.410,-98.939
66.510,-100.968
66.610,-100.016
66.710,-100.122
66.810,-99.688
66.910,-99.039
67.010,-100.653
67.110,-100.138
67.210,-101.879
67.310,-100.923
67.410,-102.247
67.510,-100.173
67.610,-97.318
67.710,-104.154
67.810,-102.693
67.910,-101.043
68.010,-103.696
68.110,-104.355
68.210,-102.244
68.310,-96.130
68.410,-93.232
68.510,-94.585
68.610,-102.388
68.710,-104.200
68.810,-105.032
68.910,-103.322
69.010,-102.465
69.110,-97.421
69.210,-100.056
69.310,-102.274
69.410,-106.438
69.510,-105.307
69.610,-106.215
69.710,-106.032
69.810,-102.854
69.910,-105.822
70.010,-103.432
70.110,-103.156
70.210,-101.133
70.310,-103.081
70.410,-102.624
70.510,-102.777
70.610,-100.188
70.710,-101.280
70.810,-102.508
70.910,-100.272
71.010,-100.880
71.110,-99.186
71.210,-100.186
71.310,-98.128
71.410,-99.826
71.510,-99.009
71.610,-97.029
71.710,-99.251
71.810,-98.095
71.910,-99.169
72.010,-96.766
72.110,-91.152
72.210,-90.099
72.310,-96.277
72.410,-97.599
72.510,-98.436
72.610,-97.288
72.710,-96.224
72.810,-92.956
72.910,-92.639
73.010,-93.522
73.110,-98.423
73.210,-99.229
73.310,-98.854
73.410,-95.390
73.510,-99.435
73.610,-99.699
73.710,-96.787
73.810,-99.696
73.910,-99.901
74.010,-100.680
74.110,-86.807
74.210,-78.705
74.310,-79.762
74.410,-95.301
74.510,-101.873
74.610,-100.735
74.710,-102.253
74.810,-101.201
74.910,-99.964
75.010,-99.941
75.110,-97.729
75.210,-89.540
75.310,-90.425
75.410,-95.154
75.510,-94.521
75.610,-93.032
75.710,-89.908
75.810,-88.483
75.910,-89.714
76.010,-93.194
76.110,-93.911
76.210,-92.776
76.310,-92.235
76.410,-94.550
76.510,-93.560
76.610,-93.644
76.710,-92.078
76.810,-92.086
76.910,-94.199
77.010,-91.708
77.110,-92.192
77.210,-90.427
77.310,-93.471
77.410,-93.140
77.510,-94.113
77.610,-95.364
77.710,-93.353
77.810,-94.469
77.910,-94.818
78.010,-93.799
78.110,-95.827
78.210,-95.084
78.310,-91.003
78.410,-90.491
78.510,-90.077
78.610,-91.136
78.710,-95.692
78.810,-98.055
78.910,-98.788
79.010,-98.622
79.110,-100.367
79.210,-101.060
79.310,-100.180
79.410,-100.473
79.510,-100.616
79.610,-100.892
79.710,-101.460
79.810,-96.514
79.910,-92.025
80.010,-89.902
80.110,-96.927
80.210,-103.194
80.310,-102.733
80.410,-100.015
80.510,-101.874
80.610,-100.562
80.710,-99.382
80.810,-97.986
80.910,-97.857
81.010,-98.772
81.110,-97.703
81.210,-94.983
81.310,-93.302
81.410,-89.392
81.510,-92.765
81.610,-92.781
81.710,-95.297
81.810,-96.424
81.910,-95.267
82.010,-97.680
82.110,-95.510
82.210,-94.845
82.310,-94.729
82.410,-95.510
82.510,-92.781
82.610,-91.009
82.710,-92.671
82.810,-89.199
82.910,-90.176
83.010,-92.458
83.110,-94.227
83.210,-95.163
83.310,-96.112
83.410,-97.238
83.510,-96.107
83.610,-99.042
83.710,-97.920
83.810,-94.488
83.910,-97.627
84.010,-95.775
84.110,-94.748
84.210,-96.608
84.310,-96.174
84.410,-91.947
84.510,-90.672
84.610,-98.199
84.710,-98.173
84.810,-100.530
84.910,-98.157
85.010,-101.055
85.110,-97.016
85.210,-98.703
85.310,-99.982
85.410,-96.993
85.510,-93.400
85.610,-85.276
85.710,-86.425
85.810,-99.501
85.910,-98.896
86.010,-96.409
86.110,-95.653
86.210,-99.610
86.310,-100.931
86.410,-100.951
86.510,-100.980
86.610,-100.768
86.710,-101.903
86.810,-102.629
86.910,-100.964
87.010,-98.208
87.110,-93.971
87.210,-96.897
87.310,-99.803
87.410,-99.146
87.510,-94.775
87.610,-96.553
87.710,-101.156
87.810,-97.877
87.910,-99.622
88.010,-98.624
88.110,-100.183
88.210,-98.713
88.310,-99.031
88.410,-94.313
88.510,-95.920
88.610,-95.544
88.710,-97.130
88.810,-97.876
88.910,-99.378
89.010,-97.075
89.110,-99.989
89.210,-100.349
89.310,-103.429
89.410,-101.999
89.510,-97.581
89.610,-102.259
89.710,-99.120
89.810,-97.091
89.910,-98.033
90.010,-99.970
90.110,-99.854
90.210,-101.490
90.310,-100.719
90.410,-103.060
90.510,-102.624
90.610,-103.827
90.710,-103.794
90.810,-102.252
90.910,-104.844
91.010,-102.578
91.110,-103.372
91.210,-95.552
91.310,-94.147
91.410,-99.191
91.510,-105.437
91.610,-105.332
91.710,-99.314
91.810,-100.338
91.910,-103.553
92.010,-104.445
92.110,-100.394
92.210,-102.302
92.310,-102.976
92.410,-102.696
92.510,-103.004
92.610,-102.802
92.710,-100.190
92.810,-99.467
92.910,-100.780
93.010,-103.678
93.110,-102.547
93.210,-102.904
93.310,-101.107
93.410,-103.760
93.510,-102.923
93.610,-99.701
93.710,-102.014
93.810,-103.040
93.910,-104.138
94.010,-99.020
94.110,-95.871
94.210,-101.024
94.310,-102.078
94.410,-103.473
94.510,-102.178
94.610,-101.315
94.710,-98.238
94.810,-91.091
94.910,-90.429
95.010,-93.349
95.110,-105.213
95.210,-103.294
95.310,-104.974
95.410,-104.668
95.510,-106.202
95.610,-104.919
95.710,-97.993
95.810,-89.536
95.910,-88.823
96.010,-91.426
96.010,-91.548
96.110,-97.910
96.210,-104.139
96.310,-98.762
96.410,-103.560
96.510,-105.442
96.610,-106.940
96.710,-108.101
96.810,-107.430
96.910,-100.438
97.010,-103.690
97.110,-106.445
97.210,-100.977
97.310,-99.533
97.410,-101.387
97.510,-107.554
97.610,-109.511
97.710,-109.397
97.810,-107.126
97.910,-107.514
98.010,-101.197
98.110,-99.498
98.210,-103.616
98.310,-101.448
98.410,-106.086
98.510,-107.998
98.610,-107.224
98.710,-107.816
98.810,-108.249
98.910,-106.050
99.010,-101.205
99.110,-100.909
99.210,-103.390
99.310,-107.052
99.410,-107.804
99.510,-107.641
99.610,-108.524
99.710,-103.242
99.810,-100.137
99.910,-100.599
100.010,-103.197
100.110,-105.861
100.210,-107.437
100.310,-108.357
100.410,-109.225
100.510,-108.722
100.610,-107.318
100.710,-105.610
100.810,-108.946
100.910,-108.372
101.010,-106.020
101.110,-107.361
101.210,-107.049
101.310,-108.696
101.410,-107.426
101.510,-109.849
101.610,-106.934
101.710,-109.337
101.810,-109.240
101.910,-110.198
102.010,-108.275
102.110,-106.680
102.210,-111.186
102.310,-110.958
102.410,-108.189
102.510,-107.212
102.610,-105.178
102.710,-107.195
102.810,-109.261
102.910,-105.977
103.010,-105.369
103.110,-104.944
103.210,-111.419
103.310,-109.825
103.410,-110.412
103.510,-107.546
103.610,-109.597
103.710,-106.176
103.810,-108.269
103.910,-107.306
104.010,-105.027
104.110,-107.428
104.210,-107.212
104.310,-106.701
104.410,-101.411
104.510,-103.504
104.610,-103.241
104.710,-105.665
104.810,-104.254
104.910,-104.059
105.010,-104.222
105.110,-103.378
105.210,-103.919
105.310,-103.527
105.410,-103.993
105.510,-103.672
105.610,-103.173
105.710,-102.829
105.810,-103.788
105.910,-102.918
106.010,-104.219
106.110,-102.963
106.210,-105.306
106.310,-103.689
106.410,-101.789
106.510,-102.640
106.610,-102.353
106.710,-101.258
106.810,-104.225
106.910,-103.667
107.010,-104.396
107.110,-101.773
107.210,-101.254
107.310,-101.079
107.410,-105.727
107.510,-102.765
107.610,-105.958
107.710,-102.907
107.810,-105.309
107.910,-104.862
108.010,-107.971
108.110,-108.233
108.210,-105.700
108.310,-106.642
108.410,-107.642
108.510,-106.770
108.610,-103.209
108.710,-101.724
108.810,-107.712
108.910,-109.485
109.010,-107.817
109.110,-108.300
109.210,-103.634
109.310,-105.059
109.410,-105.351
109.510,-106.734
109.610,-104.162
109.710,-105.491
109.810,-104.213
109.910,-104.427
110.010,-101.495
170.010,-111.339
170.110,-103.734
170.210,-100.099
170.310,-108.435
170.410,-107.502
170.510,-107.543
170.610,-108.072
170.710,-108.243
170.810,-108.645
170.910,-109.711
171.010,-109.256
171.110,-111.303
171.210,-109.097
171.310,-108.474
171.410,-103.064
171.510,-100.192
171.610,-105.753
171.710,-111.334
171.810,-107.630
171.910,-108.529
172.010,-108.862
172.110,-109.520
172.210,-108.768
172.310,-108.086
172.410,-104.915
172.510,-107.854
172.610,-109.186
172.710,-107.649
172.810,-109.837
172.910,-108.786
173.010,-107.666
173.110,-108.130
173.210,-105.349
173.310,-101.771
173.410,-97.299
173.510,-110.267
173.610,-107.658
173.710,-105.952
173.810,-104.772
173.910,-104.152
174.010,-96.858
174.110,-100.037
174.210,-105.113
174.310,-98.939
174.410,-102.926
174.510,-105.011
174.610,-107.772
174.710,-105.560
174.810,-105.588
174.910,-104.278
175.010,-102.065
175.110,-103.764
175.210,-104.094
175.310,-99.904
175.410,-105.060
175.510,-105.832
175.610,-104.891
175.710,-104.719
175.810,-107.653
175.910,-107.456
176.010,-106.065
176.110,-103.335
176.210,-100.199
176.310,-101.814
176.410,-108.053
176.510,-108.486
176.610,-104.953
176.710,-104.571
176.810,-103.647
176.910,-105.871
177.010,-104.735
177.110,-106.975
177.210,-101.886
177.310,-106.046
177.410,-98.944
177.510,-97.501
177.610,-106.051
177.710,-106.350
177.810,-106.968
177.910,-102.901
178.010,-104.268
178.110,-101.396
178.210,-101.609
178.310,-104.906
178.410,-105.224
178.510,-104.926
178.610,-104.942
178.710,-107.342
178.810,-103.354
178.910,-106.252
179.010,-105.452
179.110,-105.033
179.210,-100.327
179.310,-103.300
179.410,-102.316
179.510,-102.721
179.610,-102.664
179.710,-102.744
179.810,-101.181
179.910,-106.480
180.010,-105.039
180.110,-103.620
180.210,-103.063
180.310,-99.824
180.410,-104.398
180.510,-106.486
180.610,-104.703
180.710,-107.738
180.810,-107.098
180.910,-106.555
181.010,-103.551
181.110,-105.253
181.210,-104.847
181.310,-107.436
181.410,-107.412
181.510,-106.520
181.610,-106.631
181.710,-108.356
181.810,-106.874
181.910,-105.076
182.010,-97.839
182.110,-100.588
182.210,-102.623
182.310,-104.476
182.410,-104.455
182.510,-102.139
182.610,-104.322
182.710,-102.803
182.810,-103.046
182.910,-98.681
183.010,-102.711
183.110,-103.198
183.210,-103.578
183.310,-102.995
183.410,-104.174
183.510,-104.777
183.610,-103.428
183.710,-99.259
183.810,-99.852
183.910,-99.272
184.010,-103.522
184.110,-104.955
184.210,-105.635
184.310,-106.846
184.410,-107.684
184.510,-105.860
184.610,-105.714
184.710,-104.524
184.810,-99.958
184.910,-104.658
185.010,-106.144
185.110,-107.822
185.210,-104.042
185.310,-106.259
185.410,-103.907
185.510,-97.510
185.610,-96.067
185.710,-97.783
185.810,-93.888
185.910,-98.857
186.010,-99.385
186.110,-99.327
186.210,-97.247
186.310,-97.146
186.410,-99.229
186.510,-95.496
186.610,-99.131
186.710,-97.308
186.810,-98.870
186.910,-99.736
187.010,-100.727
187.110,-101.840
187.210,-99.443
187.310,-97.459
187.410,-100.732
187.510,-103.262
187.610,-101.701
187.710,-99.158
187.810,-104.572
187.910,-107.276
188.010,-106.885
188.110,-106.335
188.210,-102.775
188.310,-104.931
188.410,-106.670
188.510,-106.516
188.610,-106.336
188.710,-102.541
188.810,-106.879
188.910,-105.376
189.010,-104.582
189.110,-100.933
189.210,-101.014
189.310,-104.237
189.410,-103.260
189.510,-106.547
189.610,-102.062
189.710,-104.404
189.810,-104.174
189.910,-104.414
190.010,-101.936
190.110,-100.775
190.210,-99.097
190.310,-104.344
190.410,-105.064
190.510,-104.040
190.610,-104.821
190.710,-103.159
190.810,-103.302
190.910,-103.084
191.010,-101.961
191.110,-101.996
191.210,-103.295
191.310,-107.300
191.410,-108.556
191.510,-104.212
191.610,-108.169
191.710,-104.715
191.810,-106.480
191.910,-109.278
192.010,-107.008
192.110,-110.292
192.210,-107.320
192.310,-107.747
192.410,-106.826
192.510,-104.060
192.610,-103.958
192.710,-105.609
192.810,-102.999
192.910,-104.493
193.010,-103.214
193.110,-105.292
193.210,-103.167
193.310,-101.386
193.410,-101.599
193.510,-102.279
193.610,-103.793
193.710,-104.584
193.810,-104.184
193.910,-102.994
194.010,-105.147
194.110,-104.190
194.210,-105.313
194.310,-103.940
194.410,-103.935
194.510,-106.845
194.610,-106.379
194.710,-105.818
194.810,-109.659
194.910,-110.351
195.010,-110.099
195.110,-110.157
195.210,-107.626
195.310,-101.373
195.410,-102.251
195.510,-107.393
195.610,-107.172
195.710,-106.659
195.810,-106.324
195.910,-109.413
196.010,-107.921
196.110,-107.174
196.210,-105.330
196.310,-102.377
196.410,-104.527
196.510,-103.560
196.610,-105.110
196.710,-105.310
196.810,-105.408
196.910,-106.355
197.010,-105.098
197.110,-105.288
197.210,-97.546
197.310,-98.184
197.410,-103.461
197.510,-104.605
197.610,-104.967
197.710,-105.720
197.810,-105.155
197.910,-105.970
198.010,-107.354
198.110,-102.382
198.210,-103.556
198.310,-107.914
198.410,-105.688
198.510,-106.098
198.610,-105.929
198.710,-104.521
198.810,-105.180
198.910,-105.074
199.010,-100.705
199.110,-98.175
199.210,-97.182
199.310,-105.552
199.410,-106.765
199.510,-104.297
199.610,-110.291
199.710,-109.364
199.810,-110.263
199.910,-104.484
200.010,-111.059
200.110,-104.415
200.210,-109.015
200.310,-108.759
200.410,-106.210
200.510,-107.543
200.610,-107.318
200.710,-109.896
200.810,-106.948
200.910,-107.988
201.010,-97.361
201.110,-95.728
201.210,-107.761
201.310,-109.345
201.410,-107.626
201.510,-108.662
201.610,-106.740
201.710,-110.461
201.810,-107.390
201.910,-109.787
202.010,-104.935
202.110,-105.642
202.210,-107.560
202.310,-112.270
202.410,-105.115
202.510,-105.651
202.610,-107.485
202.710,-109.776
202.810,-107.937
202.910,-101.798
203.010,-100.430
203.110,-107.243
203.210,-108.071
203.310,-107.459
203.410,-104.601
203.510,-101.508
203.610,-110.025
203.710,-107.254
203.810,-107.245
203.910,-103.734
204.010,-108.600
204.110,-106.178
204.210,-106.258
204.310,-110.188
204.410,-109.071
204.510,-106.270
204.610,-105.030
204.710,-108.915
204.810,-109.333
204.910,-102.266
205.010,-102.004
205.110,-106.272
205.210,-104.799
205.310,-109.417
205.410,-109.411
205.510,-109.601
205.610,-111.927
205.710,-113.410
205.810,-110.029
205.910,-112.965
206.010,-106.406
206.110,-108.935
206.210,-112.464
206.310,-111.726
206.410,-101.593
206.510,-109.106
206.610,-112.259
206.710,-112.287
206.810,-107.792
206.910,-109.024
207.010,-107.807
207.110,-110.329
207.210,-109.358
207.310,-109.179
207.410,-109.548
207.510,-110.224
207.610,-109.485
207.710,-110.041
207.810,-108.446
207.910,-105.474
208.010,-97.375
208.110,-94.112
208.210,-95.061
208.310,-106.713
208.410,-108.281
208.510,-111.988
208.610,-106.405
208.710,-104.525
208.810,-106.965
208.910,-111.106
209.010,-109.255
209.110,-113.633
209.210,-112.039
209.310,-104.158
209.410,-109.878
209.510,-110.452
209.610,-112.006
209.710,-111.897
209.810,-112.190
209.910,-113.827
210.010,-111.169
210.110,-110.351
210.210,-110.515
210.310,-110.542
210.410,-110.199
210.510,-110.999
210.610,-107.975
210.710,-112.513
210.810,-109.450
210.910,-110.726
211.010,-113.778
211.110,-112.866
211.210,-111.364
211.310,-110.841
211.410,-111.834
211.510,-109.963
211.610,-111.675
211.710,-108.609
211.810,-108.684
211.910,-114.104
212.010,-113.721
212.110,-109.477
212.210,-110.282
212.310,-111.133
212.410,-111.012
212.510,-108.408
212.610,-112.067
212.710,-109.376
212.810,-114.017
212.910,-112.828
213.010,-113.086
213.110,-111.794
213.210,-111.961
213.310,-114.575
213.410,-112.709
213.510,-112.665
213.610,-111.933
213.710,-112.763
213.810,-112.172
213.910,-111.175
214.010,-111.128
214.110,-113.614
214.210,-110.457
214.310,-112.463
214.410,-113.890
214.510,-106.638
214.610,-111.443
214.710,-113.522
214.810,-110.560
214.910,-110.429
215.010,-112.044
215.110,-110.833
215.210,-111.977
215.310,-113.662
215.410,-114.017
215.510,-111.986
215.610,-113.859
215.710,-112.220
215.810,-114.219
215.910,-116.220
216.010,-113.628
216.010,-113.539
216.110,-112.504
216.210,-112.663
216.310,-111.957
216.410,-111.162
216.510,-113.075
216.610,-112.001
216.710,-112.257
216.810,-112.260
216.910,-110.606
217.010,-112.612
217.110,-113.474
217.210,-113.587
217.310,-113.223
217.410,-113.387
217.510,-113.882
217.610,-113.383
217.710,-112.238
217.810,-113.426
217.910,-112.547
218.010,-113.572
218.110,-111.630
218.210,-110.851
218.310,-113.421
218.410,-111.871
218.510,-114.566
218.610,-112.539
218.710,-111.242
218.810,-113.288
218.910,-111.187
219.010,-113.235
219.110,-111.233
219.210,-112.896
219.310,-112.882
219.410,-113.254
219.510,-112.826
219.610,-112.947
219.710,-111.851
219.810,-110.697
219.910,-111.124
220.010,-109.758
400.010,-107.157
400.110,-105.949
400.210,-105.109
400.310,-103.815
400.410,-107.775
400.510,-101.216
400.610,-101.191
400.710,-100.034
400.810,-99.407
400.910,-98.114
401.010,-96.887
401.110,-101.613
401.210,-100.301
401.310,-99.395
401.410,-105.740
401.510,-102.656
401.610,-102.971
401.710,-99.494
401.810,-105.402
401.910,-103.829
402.010,-100.733
402.110,-100.712
402.210,-103.242
402.310,-104.377
402.410,-105.805
402.510,-105.380
402.610,-100.776
402.710,-105.715
402.810,-110.392
402.910,-108.889
403.010,-109.042
403.110,-99.518
403.210,-107.179
403.310,-111.334
403.410,-105.376
403.510,-103.862
403.610,-106.075
403.710,-104.284
403.810,-103.858
403.910,-105.694
404.010,-107.056
404.110,-105.177
404.210,-108.663
404.310,-111.365
404.410,-110.111
404.510,-101.224
404.610,-113.788
404.710,-112.703
404.810,-108.525
404.910,-106.997
405.010,-109.330
405.110,-106.790
405.210,-108.564
405.310,-107.961
405.410,-110.025
405.510,-107.350
405.610,-111.395
405.710,-112.519
405.810,-112.131
405.910,-103.733
406.010,-112.210
406.110,-112.730
406.210,-110.491
406.310,-107.052
406.410,-111.828
406.510,-110.103
406.610,-109.133
406.710,-109.549
406.810,-110.455
406.910,-110.372
407.010,-109.836
407.110,-110.781
407.210,-110.035
407.310,-103.281
407.410,-108.341
407.510,-112.389
407.610,-111.083
407.710,-109.114
407.810,-110.094
407.910,-110.016
408.010,-109.604
408.110,-109.400
408.210,-108.041
408.310,-108.066
408.410,-106.528
408.510,-108.709
408.610,-103.841
408.710,-92.768
408.810,-92.867
408.910,-108.516
409.010,-106.406
409.110,-108.274
409.210,-109.620
409.310,-109.530
409.410,-109.966
409.510,-109.116
409.610,-108.273
409.710,-106.847
409.810,-110.099
409.910,-110.672
410.010,-110.349
410.110,-109.057
410.210,-109.880
410.310,-111.769
410.410,-111.625
410.510,-111.734
410.610,-111.166
410.710,-113.095
410.810,-112.232
410.910,-109.998
411.010,-112.751
411.110,-110.770
411.210,-112.496
411.310,-110.651
411.410,-108.425
411.510,-104.594
411.610,-110.294
411.710,-109.142
411.810,-111.903
411.910,-114.024
412.010,-112.815
412.110,-110.917
412.210,-110.733
412.310,-112.718
412.410,-111.317
412.510,-112.268
412.610,-110.477
412.710,-112.291
412.810,-112.708
412.910,-112.668
413.010,-111.673
413.110,-109.497
413.210,-111.991
413.310,-111.826
413.410,-110.888
413.510,-110.966
413.610,-110.808
413.710,-112.109
413.810,-111.523
413.910,-111.083
414.010,-108.840
414.110,-111.403
414.210,-111.359
414.310,-113.437
414.410,-111.842
414.510,-111.439
414.610,-111.972
414.710,-111.280
414.810,-111.522
414.910,-114.483
415.010,-111.830
415.110,-111.703
415.210,-112.952
415.310,-113.651
415.410,-113.295
415.510,-109.037
415.610,-113.864
415.710,-113.067
415.810,-112.503
415.910,-111.397
416.010,-112.780
416.110,-112.062
416.210,-114.037
416.310,-112.546
416.410,-111.756
416.510,-112.677
416.610,-113.770
416.710,-113.235
416.810,-111.828
416.910,-113.308
417.010,-111.996
417.110,-112.355
417.210,-114.029
417.310,-111.365
417.410,-112.186
417.510,-111.000
417.610,-112.068
417.710,-111.741
417.810,-110.972
417.910,-112.047
418.010,-109.968
418.110,-111.551
418.210,-111.546
418.310,-109.487
418.410,-110.384
418.510,-113.325
418.610,-110.885
418.710,-111.042
418.810,-111.172
418.910,-111.619
419.010,-109.760
419.110,-111.542
419.210,-108.211
419.310,-110.014
419.410,-108.552
419.510,-108.183
419.610,-105.025
419.710,-104.428
419.810,-112.913
419.910,-112.049
420.010,-105.260
420.110,-109.435
420.210,-112.922
420.310,-112.016
420.410,-110.851
420.510,-113.897
420.610,-111.394
420.710,-112.122
420.810,-111.621
420.910,-110.953
421.010,-110.994
421.110,-111.483
421.210,-112.013
421.310,-111.398
421.410,-113.878
421.510,-112.971
421.610,-111.922
421.710,-111.651
421.810,-112.383
421.910,-111.436
422.010,-114.077
422.110,-111.154
422.210,-110.364
422.310,-112.796
422.410,-114.529
422.510,-110.813
422.610,-112.932
422.710,-111.259
422.810,-111.275
422.910,-111.118
423.010,-111.267
423.110,-109.561
423.210,-113.699
423.310,-110.861
423.410,-113.062
423.510,-109.717
423.610,-110.748
423.710,-113.843
423.810,-112.049
423.910,-110.936
424.010,-112.501
424.110,-110.995
424.210,-112.925
424.310,-109.348
424.410,-113.205
424.510,-105.506
424.610,-113.124
424.710,-113.144
424.810,-110.927
424.910,-112.114
425.010,-111.836
425.110,-112.658
425.210,-114.032
425.310,-114.525
425.410,-112.366
425.510,-112.696
425.610,-114.026
425.710,-111.935
425.810,-112.486
425.910,-108.812
426.010,-110.011
426.110,-110.930
426.210,-111.929
426.310,-113.197
426.410,-113.342
426.510,-113.222
426.610,-112.347
426.710,-110.972
426.810,-113.613
426.910,-110.955
427.010,-112.679
427.110,-108.021
427.210,-107.965
427.310,-97.227
427.410,-108.273
427.510,-107.071
427.610,-110.755
427.710,-112.677
427.810,-109.101
427.910,-109.807
428.010,-103.111
428.110,-109.634
428.210,-110.099
428.310,-110.899
428.410,-110.254
428.510,-112.134
428.610,-112.218
428.710,-107.541
428.810,-106.726
428.910,-107.660
429.010,-113.676
429.110,-109.525
429.210,-112.353
429.310,-111.063
429.410,-110.592
429.510,-110.182
429.610,-111.931
429.710,-111.068
429.810,-112.903
429.910,-112.473
430.010,-110.675
430.110,-108.506
430.210,-110.056
430.310,-107.599
430.410,-110.863
430.510,-113.371
430.610,-111.146
430.710,-110.887
430.810,-112.021
430.910,-111.893
431.010,-110.339
431.110,-112.564
431.210,-113.995
431.310,-111.421
431.410,-111.020
431.510,-112.715
431.610,-112.263
431.710,-106.626
431.810,-113.803
431.910,-111.254
432.010,-110.963
432.110,-114.268
432.210,-112.615
432.310,-112.464
432.410,-112.032
432.510,-111.399
432.610,-113.125
432.710,-112.710
432.810,-110.274
432.910,-108.102
433.010,-110.706
433.110,-111.863
433.210,-112.170
433.310,-112.636
433.410,-114.422
433.510,-109.589
433.610,-111.000
433.710,-113.537
433.810,-113.812
433.910,-112.116
434.010,-111.375
434.110,-112.638
434.210,-113.506
434.310,-110.306
434.410,-109.416
434.510,-112.582
434.610,-109.792
434.710,-110.853
434.810,-111.908
434.910,-109.317
435.010,-104.841
435.110,-108.523
435.210,-112.091
435.310,-110.839
435.410,-107.350
435.510,-109.781
435.610,-111.844
435.710,-110.841
435.810,-110.202
435.910,-107.255
436.010,-111.119
436.110,-96.136
436.210,-95.701
436.310,-103.925
436.410,-108.292
436.510,-105.201
436.610,-110.708
436.710,-109.863
436.810,-111.812
436.910,-110.686
437.010,-105.529
437.110,-106.459
437.210,-105.214
437.310,-107.297
437.410,-111.089
437.510,-108.517
437.610,-108.445
437.710,-111.258
437.810,-110.557
437.910,-107.766
438.010,-110.648
438.110,-111.526
438.210,-107.915
438.310,-106.360
438.410,-109.803
438.510,-110.335
438.610,-108.833
438.710,-111.062
438.810,-112.698
438.910,-112.041
439.010,-109.453
439.110,-110.023
439.210,-112.555
439.310,-111.981
439.410,-112.469
439.510,-112.773
439.610,-112.447
439.710,-107.773
439.810,-112.727
439.910,-112.048
440.010,-112.118
440.110,-109.134
440.210,-111.603
440.310,-109.571
440.410,-112.455
440.510,-112.181
440.610,-111.634
440.710,-112.634
440.810,-111.389
440.910,-110.903
441.010,-109.226
441.110,-110.601
441.210,-113.230
441.310,-110.739
441.410,-113.095
441.510,-110.091
441.610,-111.740
441.710,-104.123
441.810,-109.978
441.910,-112.305
442.010,-111.797
442.110,-111.457
442.210,-111.699
442.310,-110.209
442.410,-110.486
442.510,-110.407
442.610,-110.601
442.710,-110.321
442.810,-110.924
442.910,-113.075
443.010,-110.477
443.110,-106.117
443.210,-111.961
443.310,-110.327
443.410,-107.561
443.510,-110.871
443.610,-110.048
443.710,-109.593
443.810,-110.749
443.910,-110.747
444.010,-109.322
444.110,-109.791
444.210,-112.232
444.310,-108.458
444.410,-111.690
444.510,-106.437
444.610,-109.519
444.710,-107.426
444.810,-111.234
444.910,-108.142
445.010,-108.627
445.110,-106.919
445.210,-110.093
445.310,-108.620
445.410,-104.201
445.510,-102.450
445.610,-100.076
445.710,-101.174
445.810,-87.196
445.910,-81.170
446.010,-93.783
446.010,-96.731
446.110,-96.472
446.210,-100.164
446.310,-101.141
446.410,-102.636
446.510,-102.949
446.610,-101.746
446.710,-99.348
446.810,-102.931
446.910,-102.229
447.010,-103.857
447.110,-105.944
447.210,-106.554
447.310,-105.523
447.410,-106.024
447.510,-105.181
447.610,-101.370
447.710,-104.691
447.810,-102.260
447.910,-101.526
448.010,-105.122
448.110,-110.044
448.210,-106.798
448.310,-106.187
448.410,-107.986
448.510,-106.959
448.610,-107.970
448.710,-108.970
448.810,-109.980
448.910,-109.039
449.010,-108.407
449.110,-106.788
449.210,-107.215
449.310,-104.641
449.410,-106.841
449.510,-106.710
449.610,-106.074
449.710,-107.944
449.810,-108.522
449.910,-108.993
450.010,-106.641
450.110,-108.751
450.210,-109.626
450.310,-105.990
450.410,-109.002
450.510,-110.286
450.610,-109.195
450.710,-107.013
450.810,-106.632
450.910,-107.589
451.010,-109.502
451.110,-107.971
451.210,-105.324
451.310,-106.156
451.410,-110.052
451.510,-110.428
451.610,-110.319
451.710,-109.644
451.810,-109.453
451.910,-108.595
452.010,-110.056
452.110,-107.645
452.210,-104.971
452.310,-106.948
452.410,-109.225
452.510,-108.103
452.610,-106.806
452.710,-109.726
452.810,-109.389
452.910,-107.916
453.010,-109.231
453.110,-105.724
453.210,-106.008
453.310,-107.892
453.410,-107.440
453.510,-108.661
453.610,-104.680
453.710,-105.404
453.810,-107.165
453.910,-106.988
454.010,-107.664
454.110,-106.736
454.210,-107.800
454.310,-106.743
454.410,-104.196
454.510,-108.027
454.610,-105.906
454.710,-108.173
454.810,-109.040
454.910,-108.820
455.010,-109.848
455.110,-107.293
455.210,-105.316
455.310,-107.807
455.410,-108.161
455.510,-108.069
455.610,-109.856
455.710,-110.318
455.810,-110.112
455.910,-109.120
456.010,-108.379
456.110,-110.675
456.210,-111.134
456.310,-111.677
456.410,-108.274
456.510,-109.289
456.610,-110.128
456.710,-111.129
456.810,-108.481
456.910,-105.235
457.010,-108.450
457.110,-111.281
457.210,-110.304
457.310,-110.035
457.410,-106.587
457.510,-107.648
457.610,-108.767
457.710,-108.767
457.810,-108.005
457.910,-107.524
458.010,-110.041
458.110,-109.636
458.210,-107.095
458.310,-107.891
458.410,-108.591
458.510,-108.890
458.610,-109.372
458.710,-108.378
458.810,-109.338
458.910,-107.167
459.010,-107.546
459.110,-109.406
459.210,-107.471
459.310,-108.466
459.410,-107.986
459.510,-108.476
459.610,-108.739
459.710,-107.817
459.810,-105.447
459.910,-106.050
460.010,-106.187
460.110,-106.562
460.210,-107.502
460.310,-107.769
460.410,-106.602
460.510,-105.538
460.610,-106.519
460.710,-107.415
460.810,-107.769
460.910,-108.894
461.010,-108.922
461.110,-107.374
461.210,-107.756
461.310,-107.278
461.410,-104.162
461.510,-103.070
461.610,-102.794
461.710,-102.765
461.810,-95.845
461.910,-94.528
462.010,-97.666
462.110,-99.508
462.210,-101.975
462.310,-101.631
462.410,-104.130
462.510,-103.755
462.610,-102.670
462.710,-109.660
462.810,-110.121
462.910,-110.357
463.010,-103.461
463.110,-103.261
463.210,-109.004
463.310,-110.006
463.410,-109.574
463.510,-107.310
463.610,-109.125
463.710,-109.492
463.810,-109.499
463.910,-109.089
464.010,-109.006
464.110,-108.401
464.210,-107.519
464.310,-107.891
464.410,-108.459
464.510,-107.155
464.610,-105.918
464.710,-110.302
464.810,-109.684
464.910,-108.465
465.010,-107.298
465.110,-107.588
465.210,-106.110
465.310,-107.300
465.410,-106.148
465.510,-106.541
465.610,-106.572
465.710,-106.769
465.810,-105.812
465.910,-106.585
466.010,-107.444
466.110,-107.103
466.210,-105.852
466.310,-108.235
466.410,-108.013
466.510,-109.366
466.610,-108.443
466.710,-109.588
466.810,-109.482
466.910,-108.506
467.010,-107.166
467.110,-107.669
467.210,-107.635
467.310,-107.726
467.410,-108.339
467.510,-113.558
467.610,-109.163
467.710,-110.150
467.810,-112.657
467.910,-110.057
468.010,-110.656
468.110,-110.316
468.210,-105.508
468.310,-108.443
468.410,-109.607
468.510,-109.871
468.610,-103.025
468.710,-100.656
468.810,-104.990
468.910,-111.661
469.010,-110.252
469.110,-108.493
469.210,-107.764
469.310,-109.192
469.410,-109.439
469.510,-110.564
469.610,-110.916
469.710,-109.031
469.810,-110.374
469.910,-110.421
470.010,-111.649
470.110,-107.690
470.210,-106.602
470.310,-104.865
470.410,-109.910
470.510,-109.403
470.610,-109.429
470.710,-108.840
470.810,-106.337
470.910,-108.699
471.010,-108.874
471.110,-108.601
471.210,-106.494
471.310,-104.328
471.410,-108.654
471.510,-106.664
471.610,-107.633
471.710,-107.735
471.810,-110.165
471.910,-106.560
472.010,-107.390
472.110,-107.166
472.210,-107.875
472.310,-107.330
472.410,-108.432
472.510,-106.325
472.610,-107.309
472.710,-108.211
472.810,-106.513
472.910,-107.158
473.010,-109.027
473.110,-110.747
473.210,-110.170
473.310,-111.458
473.410,-110.027
473.510,-108.419
473.610,-111.507
473.710,-109.127
473.810,-109.318
473.910,-109.729
474.010,-110.529
474.110,-111.059
474.210,-106.318
474.310,-99.254
474.410,-102.035
474.510,-109.348
474.610,-109.236
474.710,-109.323
474.810,-108.266
474.910,-110.627
475.010,-109.333
475.110,-110.018
475.210,-108.853
475.310,-107.868
475.410,-111.269
475.510,-111.389
475.610,-110.564
475.710,-109.464
475.810,-106.690
475.910,-108.238
476.010,-109.805
476.110,-108.582
476.210,-110.055
476.310,-110.316
476.410,-107.465
476.510,-108.428
476.610,-109.900
476.710,-108.360
476.810,-107.291
476.910,-105.812
477.010,-107.596
477.110,-105.299
477.210,-104.929
477.310,-108.123
477.410,-111.134
477.510,-109.250
477.610,-109.889
477.710,-108.727
477.810,-110.674
477.910,-107.879
478.010,-110.001
478.110,-111.260
478.210,-109.611
478.310,-109.582
478.410,-110.459
478.510,-108.585
478.610,-110.459
478.710,-110.219
478.810,-113.383
478.910,-111.158
479.010,-104.857
479.110,-103.730
479.210,-108.341
479.310,-109.368
479.410,-112.434
479.510,-110.039
479.610,-112.052
479.710,-110.346
479.810,-107.394
479.910,-97.214
480.010,-95.505
480.110,-104.775
480.210,-110.964
480.310,-111.626
480.410,-108.736
480.510,-106.590
480.610,-105.612
480.710,-111.460
480.810,-109.577
480.910,-111.914
481.010,-110.272
481.110,-110.743
481.210,-110.309
481.310,-111.375
481.410,-110.040
481.510,-108.581
481.610,-110.622
481.710,-112.009
481.810,-112.208
481.910,-110.671
482.010,-113.259
482.110,-110.651
482.210,-112.107
482.310,-111.060
482.410,-111.137
482.510,-107.920
482.610,-108.949
482.710,-107.628
482.810,-105.799
482.910,-108.176
483.010,-110.622
483.110,-106.919
483.210,-111.770
483.310,-111.276
483.410,-108.502
483.510,-111.624
483.610,-112.513
483.710,-113.030
483.810,-110.712
483.910,-111.882
484.010,-109.196
484.110,-110.058
484.210,-110.821
484.310,-111.223
484.410,-113.182
484.510,-111.443
484.610,-112.399
484.710,-112.311
484.810,-108.654
484.910,-111.741
485.010,-111.484
485.110,-109.997
485.210,-111.860
485.310,-109.294
485.410,-110.241
485.510,-107.019
485.610,-101.660
485.710,-103.123
485.810,-110.021
485.910,-108.875
486.010,-110.623
486.110,-108.996
486.210,-111.507
486.310,-110.226
486.410,-111.043
486.510,-110.171
486.610,-109.562
486.710,-110.946
486.810,-111.329
486.910,-111.996
487.010,-110.866
487.110,-110.709
487.210,-109.009
487.310,-109.272
487.410,-110.545
487.510,-112.088
487.610,-111.560
487.710,-112.202
487.810,-108.382
487.910,-111.199
488.010,-110.933
488.110,-111.148
488.210,-109.472
488.310,-106.270
488.410,-109.428
488.510,-108.668
488.610,-110.762
488.710,-106.185
488.810,-109.950
488.910,-108.909
489.010,-109.706
489.110,-109.973
489.210,-110.958
489.310,-110.643
489.410,-109.300
489.510,-112.114
489.610,-109.801
489.710,-110.040
489.810,-107.969
489.910,-109.347
490.010,-110.464
490.110,-109.958
490.210,-110.337
490.310,-111.388
490.410,-112.895
490.510,-112.234
490.610,-111.899
490.710,-113.580
490.810,-112.098
490.910,-110.981
491.010,-112.523
491.110,-112.653
491.210,-106.810
491.310,-104.948
491.410,-109.049
491.510,-107.678
491.610,-112.385
491.710,-112.268
491.810,-110.267
491.910,-114.117
492.010,-108.641
492.010,-110.481
492.110,-109.986
492.210,-109.732
492.310,-112.031
492.410,-110.602
492.510,-110.341
492.610,-110.960
492.710,-109.864
492.810,-107.199
492.910,-110.992
493.010,-109.938
493.110,-110.856
493.210,-111.643
493.310,-111.444
493.410,-112.040
493.510,-112.795
493.610,-111.746
493.710,-111.778
493.810,-112.142
493.910,-111.915
494.010,-111.480
494.110,-109.650
494.210,-111.143
494.310,-109.544
494.410,-112.907
494.510,-112.562
494.610,-112.282
494.710,-112.202
494.810,-112.345
494.910,-110.839
495.010,-109.336
495.110,-112.188
495.210,-111.263
495.310,-111.982
495.410,-112.668
495.510,-112.935
495.610,-112.453
495.710,-112.023
495.810,-110.479
495.910,-110.957
496.010,-112.294
496.110,-109.196
496.210,-109.822
496.310,-112.047
496.410,-111.991
496.510,-110.868
496.610,-111.123
496.710,-112.621
496.810,-111.481
496.910,-112.241
497.010,-111.772
497.110,-111.917
497.210,-113.173
497.310,-113.197
497.410,-111.315
497.510,-111.549
497.610,-111.012
497.710,-112.650
497.810,-111.922
497.910,-111.990
498.010,-109.628
498.110,-110.572
498.210,-110.893
498.310,-111.744
498.410,-113.951
498.510,-111.543
498.610,-110.460
498.710,-111.171
498.810,-110.856
498.910,-110.221
499.010,-110.444
499.110,-110.987
499.210,-110.462
499.310,-112.873
499.410,-113.780
499.510,-112.476
499.610,-111.058
499.710,-113.395
499.810,-111.341
499.910,-110.990
500.010,-107.695
500.010,-109.552
500.110,-112.032
500.210,-107.591
500.310,-107.487
500.410,-109.691
500.510,-111.801
500.610,-110.011
500.710,-110.856
500.810,-112.815
500.910,-108.570
501.010,-108.183
501.110,-109.718
501.210,-110.122
501.310,-110.699
501.410,-107.528
501.510,-109.981
501.610,-108.996
501.710,-109.178
501.810,-109.443
501.910,-109.444
502.010,-106.842
502.110,-109.614
502.210,-109.068
502.310,-109.512
502.410,-107.962
502.510,-107.935
502.610,-107.427
502.710,-110.544
502.810,-109.764
502.910,-108.745
503.010,-109.040
503.110,-108.328
503.210,-110.089
503.310,-109.427
503.410,-107.408
503.510,-110.542
503.610,-110.911
503.710,-107.842
503.810,-110.388
503.910,-111.198
504.010,-109.531
504.110,-109.988
504.210,-110.772
504.310,-111.320
504.410,-112.356
504.510,-109.360
504.610,-110.786
504.710,-111.684
504.810,-111.335
504.910,-109.635
505.010,-109.446
505.110,-109.248
505.210,-110.944
505.310,-109.655
505.410,-109.784
505.510,-110.100
505.610,-109.673
505.710,-111.892
505.810,-107.300
505.910,-106.857
506.010,-109.705
506.110,-109.371
506.210,-108.458
506.310,-105.921
506.410,-109.274
506.510,-109.136
506.610,-109.317
506.710,-109.562
506.810,-109.337
506.910,-110.269
507.010,-108.437
507.110,-110.199
507.210,-108.514
507.310,-107.027
507.410,-110.462
507.510,-109.814
507.610,-110.646
507.710,-110.679
507.810,-105.864
507.910,-111.145
508.010,-111.537
508.110,-108.431
508.210,-108.446
508.310,-108.323
508.410,-111.065
508.510,-112.155
508.610,-104.573
508.710,-102.376
508.810,-106.369
508.910,-111.299
509.010,-111.101
509.110,-110.874
509.210,-110.841
509.310,-110.661
509.410,-111.445
509.510,-103.160
509.610,-106.843
509.710,-109.870
509.810,-107.222
509.910,-107.961
510.010,-107.025
510.110,-109.368
510.210,-108.467
510.310,-110.398
510.410,-109.146
510.510,-110.358
510.610,-109.922
510.710,-110.261
510.810,-109.416
510.910,-109.636
511.010,-110.145
511.110,-108.627
511.210,-107.620
511.310,-108.257
511.410,-109.491
511.510,-106.551
511.610,-105.570
511.710,-108.573
511.810,-109.565
511.910,-108.798
512.010,-110.299
512.110,-109.833
512.210,-110.950
512.310,-109.004
512.410,-103.303
512.510,-100.997
512.610,-105.064
512.710,-105.484
512.810,-102.849
512.910,-101.069
513.010,-99.367
513.110,-97.590
513.210,-88.223
513.310,-86.809
513.410,-93.422
513.510,-101.130
513.610,-106.071
513.710,-107.094
513.810,-106.720
513.910,-105.503
514.010,-108.116
514.110,-106.448
514.210,-106.654
514.310,-101.275
514.410,-101.583
514.510,-108.529
514.610,-109.386
514.710,-110.108
514.810,-108.770
514.910,-111.085
515.010,-109.308
515.110,-109.613
515.210,-110.892
515.310,-109.091
515.410,-108.049
515.510,-108.879
515.610,-108.499
515.710,-108.224
515.810,-107.603
515.910,-106.461
516.010,-108.499
516.110,-107.893
516.210,-108.079
516.310,-110.080
516.410,-109.464
516.510,-111.315
516.610,-108.773
516.710,-109.599
516.810,-109.402
516.910,-108.973
517.010,-107.575
517.110,-107.221
517.210,-107.624
517.310,-107.839
517.410,-108.916
517.510,-107.656
517.610,-110.703
517.710,-109.786
517.810,-110.279
517.910,-108.638
518.010,-110.271
518.110,-110.121
518.210,-108.470
518.310,-107.167
518.410,-106.371
518.510,-106.733
518.610,-106.530
518.710,-105.037
518.810,-105.909
518.910,-108.446
519.010,-106.910
519.110,-103.911
519.210,-104.967
519.310,-102.080
519.410,-106.376
519.510,-98.765
519.610,-92.674
519.710,-90.238
519.810,-93.248
519.910,-98.545
520.010,-95.617
520.110,-97.937
520.210,-101.155
520.310,-104.481
520.410,-99.682
520.510,-106.725
520.610,-107.492
520.710,-106.463
520.810,-105.026
520.910,-107.775
521.010,-106.508
521.110,-109.530
521.210,-106.846
521.310,-108.105
521.410,-109.130
521.510,-108.256
521.610,-107.980
521.710,-109.928
521.810,-107.810
521.910,-106.917
522.010,-103.817
522.110,-107.767
522.210,-109.047
522.310,-110.316
522.410,-105.448
522.510,-107.355
522.610,-108.983
522.710,-105.376
522.810,-102.248
522.910,-106.548
523.010,-106.990
523.110,-107.064
523.210,-108.696
523.310,-108.612
523.410,-108.343
523.510,-105.934
523.610,-108.277
523.710,-106.086
523.810,-107.561
523.910,-105.465
524.010,-105.905
524.110,-102.504
524.210,-104.187
524.310,-106.996
524.410,-107.462
524.510,-104.467
524.610,-106.545
524.710,-108.081
524.810,-107.356
524.910,-108.455
525.010,-110.012
525.110,-110.417
525.210,-106.574
525.310,-106.922
525.410,-107.570
525.510,-106.309
525.610,-101.951
525.710,-103.153
525.810,-107.768
525.910,-109.940
526.010,-108.615
526.110,-107.053
526.210,-108.908
526.310,-106.056
526.410,-109.705
526.510,-110.964
526.610,-110.235
526.710,-110.831
526.810,-110.322
526.910,-106.499
527.010,-108.362
527.110,-109.076
527.210,-108.985
527.310,-108.575
527.410,-108.026
527.510,-106.457
527.610,-108.394
527.710,-108.439
527.810,-104.273
527.910,-104.199
528.010,-103.855
528.110,-103.170
528.210,-103.527
528.310,-103.905
528.410,-103.202
528.510,-103.007
528.610,-102.625
528.710,-103.757
528.810,-104.738
528.910,-104.488
529.010,-106.555
529.110,-105.601
529.210,-107.084
529.310,-105.028
529.410,-106.176
529.510,-105.951
529.610,-105.695
529.710,-103.212
529.810,-104.708
529.910,-104.192
530.010,-107.108
530.110,-105.343
530.210,-104.300
530.310,-98.266
530.410,-99.844
530.510,-103.121
530.610,-102.619
530.710,-106.017
530.810,-105.457
530.910,-105.302
531.010,-106.167
531.110,-108.080
531.210,-103.972
531.310,-102.770
531.410,-106.611
531.510,-108.302
531.610,-107.949
531.710,-107.125
531.810,-105.158
531.910,-108.205
532.010,-105.576
532.110,-102.994
532.210,-103.820
532.310,-106.172
532.410,-104.400
532.510,-104.178
532.610,-103.091
532.710,-103.305
532.810,-103.500
532.910,-102.311
533.010,-102.062
533.110,-104.111
533.210,-103.655
533.310,-100.455
533.410,-106.063
533.510,-102.578
533.610,-105.191
533.710,-107.821
533.810,-103.632
533.910,-102.673
534.010,-101.812
534.110,-103.904
534.210,-104.133
534.310,-103.419
534.410,-103.830
534.510,-103.860
534.610,-102.624
534.710,-104.736
534.810,-104.153
534.910,-103.108
535.010,-107.793
535.110,-105.480
535.210,-106.081
535.310,-99.895
535.410,-102.699
535.510,-107.860
535.610,-109.323
535.710,-108.643
535.810,-109.872
535.910,-108.944
536.010,-109.125
536.110,-109.694
536.210,-106.663
536.310,-102.605
536.410,-106.067
536.510,-108.851
536.610,-105.848
536.710,-105.548
536.810,-101.975
536.910,-101.485
537.010,-103.748
537.110,-103.284
537.210,-104.337
537.310,-103.349
537.410,-102.631
537.510,-104.085
537.610,-103.853
537.710,-104.661
537.810,-104.914
537.910,-103.793
538.010,-106.231
538.110,-105.404
538.210,-104.714
538.310,-102.449
538.410,-101.016
538.510,-105.383
538.610,-104.352
538.710,-105.928
538.810,-104.973
538.910,-105.651
539.010,-105.833
539.110,-106.125
539.210,-106.160
539.310,-109.149
539.410,-110.050
539.510,-105.668
539.610,-107.297
539.710,-109.085
539.810,-107.958
539.910,-107.503
540.010,-108.179
540.110,-108.652
540.210,-106.124
540.310,-107.356
540.410,-108.184
540.510,-105.917
540.610,-103.247
540.710,-103.758
540.810,-105.783
540.910,-104.703
541.010,-105.754
541.110,-105.687
541.210,-103.489
541.310,-104.187
541.410,-104.027
541.510,-104.755
541.610,-102.380
541.710,-104.491
541.810,-104.277
541.910,-102.092
542.010,-103.747
542.110,-107.566
542.210,-111.061
542.310,-107.420
542.410,-105.220
542.510,-103.517
542.610,-101.054
542.710,-100.993
542.810,-102.527
542.910,-104.699
543.010,-104.668
543.110,-102.924
543.210,-104.608
543.310,-106.532
543.410,-107.168
543.510,-106.006
543.610,-106.695
543.710,-107.304
543.810,-101.300
543.910,-108.160
544.010,-106.428
544.110,-107.470
544.210,-107.896
544.310,-110.405
544.410,-110.363
544.510,-109.726
544.610,-109.550
544.710,-108.779
544.810,-106.181
544.910,-105.903
545.010,-110.062
545.110,-113.803
545.210,-105.889
545.310,-104.236
545.410,-104.778
545.510,-103.687
545.610,-105.543
545.710,-103.315
545.810,-104.298
545.910,-103.266
546.010,-103.126
546.010,-102.922
546.110,-101.888
546.210,-103.264
546.310,-101.390
546.410,-103.735
546.510,-106.392
546.610,-104.071
546.710,-103.059
546.810,-104.040
546.910,-102.120
547.010,-103.074
547.110,-101.831
547.210,-104.051
547.310,-102.087
547.410,-92.761
547.510,-92.784
547.610,-101.181
547.710,-102.913
547.810,-101.472
547.910,-100.079
548.010,-104.947
548.110,-105.874
548.210,-104.834
548.310,-107.861
548.410,-105.785
548.510,-104.517
548.610,-102.959
548.710,-101.455
548.810,-105.691
548.910,-104.933
549.010,-104.988
549.110,-104.097
549.210,-97.212
549.310,-104.454
549.410,-98.718
549.510,-99.604
549.610,-97.596
549.710,-95.293
549.810,-90.214
549.910,-88.193
550.010,-87.524
550.110,-88.781
550.210,-95.763
550.310,-99.318
550.410,-99.403
550.510,-94.513
550.610,-103.715
550.710,-103.465
550.810,-103.059
550.910,-103.311
551.010,-105.069
551.110,-103.386
551.210,-109.828
551.310,-102.217
551.410,-101.508
551.510,-102.916
551.610,-97.651
551.710,-101.925
551.810,-103.308
551.910,-100.812
552.010,-101.696
552.110,-101.628
552.210,-105.014
552.310,-103.381
552.410,-104.190
552.510,-103.783
552.610,-104.863
552.710,-102.154
552.810,-104.617
552.910,-98.000
553.010,-99.084
553.110,-104.158
553.210,-105.027
553.310,-101.569
553.410,-104.574
553.510,-104.181
553.610,-105.286
553.710,-103.747
553.810,-105.379
553.910,-106.215
554.010,-108.906
554.110,-107.709
554.210,-101.440
554.310,-100.398
554.410,-102.074
554.510,-106.587
554.610,-108.865
554.710,-105.629
554.810,-104.604
554.910,-106.904
555.010,-107.356
555.110,-109.187
555.210,-109.493
555.310,-106.091
555.410,-106.308
555.510,-106.636
555.610,-108.020
555.710,-102.934
555.810,-106.790
555.910,-104.235
556.010,-105.559
556.110,-104.231
556.210,-103.529
556.310,-107.589
556.410,-104.810
556.510,-105.168
556.610,-105.133
556.710,-108.386
556.810,-107.012
556.910,-109.595
557.010,-106.742
557.110,-104.629
557.210,-104.390
557.310,-104.883
557.410,-106.432
557.510,-106.416
557.610,-107.706
557.710,-106.264
557.810,-105.837
557.910,-108.800
558.010,-107.929
558.110,-106.970
558.210,-109.050
558.310,-108.251
558.410,-107.486
558.510,-106.858
558.610,-105.743
558.710,-109.618
558.810,-104.249
558.910,-105.486
559.010,-109.062
559.110,-110.537
559.210,-109.489
559.310,-107.287
559.410,-108.643
559.510,-111.199
559.610,-107.494
559.710,-110.768
559.810,-109.464
559.910,-102.873
560.010,-101.813
560.110,-107.625
560.210,-109.336
560.310,-108.544
560.410,-109.100
560.510,-109.038
560.610,-109.711
560.710,-104.876
560.810,-107.140
560.910,-106.655
561.010,-109.596
561.110,-107.519
561.210,-108.833
561.310,-108.635
561.410,-107.468
561.510,-106.169
561.610,-106.226
561.710,-107.045
561.810,-106.010
561.910,-105.727
562.010,-105.452
562.110,-106.488
562.210,-107.157
562.310,-106.902
562.410,-106.257
562.510,-108.984
562.610,-111.175
562.710,-109.730
562.810,-105.609
562.910,-105.121
563.010,-108.183
563.110,-107.937
563.210,-106.333
563.310,-109.038
563.410,-107.447
563.510,-108.818
563.610,-109.517
563.710,-107.681
563.810,-109.364
563.910,-104.346
564.010,-109.000
564.110,-108.904
564.210,-105.556
564.310,-109.397
564.410,-107.477
564.510,-105.517
564.610,-105.650
564.710,-94.930
564.810,-101.324
564.910,-102.778
565.010,-106.798
565.110,-107.943
565.210,-105.649
565.310,-108.464
565.410,-111.308
565.510,-106.964
565.610,-103.201
565.710,-104.400
565.810,-108.940
565.910,-108.764
566.010,-108.168
566.110,-109.438
566.210,-109.091
566.310,-108.864
566.410,-110.100
566.510,-110.122
566.610,-109.989
566.710,-110.559
566.810,-108.732
566.910,-108.999
567.010,-108.980
567.110,-108.782
567.210,-111.266
567.310,-110.802
567.410,-108.130
567.510,-109.267
567.610,-111.001
567.710,-110.775
567.810,-108.964
567.910,-113.193
568.010,-108.246
568.110,-110.575
568.210,-109.699
568.310,-108.267
568.410,-109.438
568.510,-107.203
568.610,-109.137
568.710,-106.696
568.810,-110.712
568.910,-108.623
569.010,-107.990
569.110,-108.592
569.210,-110.461
569.310,-108.171
569.410,-108.323
569.510,-109.660
569.610,-109.267
569.710,-106.029
569.810,-107.251
569.910,-107.321
570.010,-109.848
570.110,-107.630
570.210,-108.271
570.310,-107.746
570.410,-108.063
570.510,-108.397
570.610,-107.625
570.710,-107.292
570.810,-106.282
570.910,-110.945
571.010,-111.082
571.110,-112.477
571.210,-107.874
571.310,-107.835
571.410,-108.781
571.510,-110.780
571.610,-109.106
571.710,-109.857
571.810,-107.887
571.910,-108.639
572.010,-106.784
572.110,-108.492
572.210,-107.837
572.310,-109.981
572.410,-108.281
572.510,-109.686
572.610,-109.021
572.710,-109.895
572.810,-109.106
572.910,-109.070
573.010,-108.130
573.110,-108.200
573.210,-106.501
573.310,-105.048
573.410,-106.895
573.510,-105.928
573.610,-106.743
573.710,-107.979
573.810,-108.669
573.910,-109.848
574.010,-108.602
574.110,-109.710
574.210,-108.669
574.310,-107.588
574.410,-107.306
574.510,-108.426
574.610,-107.077
574.710,-106.981
574.810,-104.126
574.910,-106.950
575.010,-107.152
575.110,-106.198
575.210,-106.264
575.310,-107.696
575.410,-105.902
575.510,-107.541
575.610,-107.764
575.710,-107.991
575.810,-106.881
575.910,-110.061
576.010,-106.413
576.110,-110.568
576.210,-108.696
576.310,-110.105
576.410,-109.982
576.510,-108.897
576.610,-109.841
576.710,-109.840
576.810,-110.697
576.910,-108.196
577.010,-109.800
577.110,-110.763
577.210,-110.739
577.310,-108.421
577.410,-107.165
577.510,-107.183
577.610,-110.593
577.710,-110.288
577.810,-109.890
577.910,-109.858
578.010,-112.978
578.110,-109.752
578.210,-102.651
578.310,-101.035
578.410,-109.530
578.510,-109.433
578.610,-107.668
578.710,-107.385
578.810,-106.380
578.910,-107.117
579.010,-107.125
579.110,-104.453
579.210,-105.243
579.310,-107.054
579.410,-106.723
579.510,-106.859
579.610,-105.215
579.710,-103.128
579.810,-104.908
579.910,-108.482
580.010,-105.985
580.110,-106.282
580.210,-106.539
580.310,-108.284
580.410,-107.166
580.510,-108.590
580.610,-107.256
580.710,-106.523
580.810,-108.962
580.910,-109.672
581.010,-107.549
581.110,-106.215
581.210,-105.110
581.310,-107.141
581.410,-104.185
581.510,-104.642
581.610,-103.479
581.710,-102.536
581.810,-102.938
581.910,-103.997
582.010,-104.854
582.110,-103.989
582.210,-104.162
582.310,-106.816
582.410,-104.012
582.510,-105.509
582.610,-104.478
582.710,-105.817
582.810,-105.301
582.910,-104.950
583.010,-105.490
583.110,-103.937
583.210,-106.091
583.310,-107.885
583.410,-105.941
583.510,-108.911
583.610,-105.779
583.710,-102.401
583.810,-110.196
583.910,-110.048
584.010,-110.602
584.110,-110.906
584.210,-108.018
584.310,-104.416
584.410,-109.283
584.510,-107.178
584.610,-104.594
584.710,-107.647
584.810,-102.118
584.910,-105.560
585.010,-108.774
585.110,-106.071
585.210,-108.009
585.310,-109.718
585.410,-107.954
585.510,-109.671
585.610,-109.173
585.710,-107.139
585.810,-107.110
585.910,-104.557
586.010,-108.085
586.110,-107.410
586.210,-106.784
586.310,-106.899
586.410,-109.090
586.510,-108.292
586.610,-108.098
586.710,-107.226
586.810,-109.002
586.910,-107.121
587.010,-106.708
587.110,-106.356
587.210,-107.815
587.310,-106.276
587.410,-108.594
587.510,-108.089
587.610,-108.059
587.710,-107.297
587.810,-107.448
587.910,-107.726
588.010,-110.024
588.110,-105.505
588.210,-108.177
588.310,-108.675
588.410,-110.419
588.510,-108.948
588.610,-105.947
588.710,-103.365
588.810,-106.233
588.910,-107.015
589.010,-109.205
589.110,-107.567
589.210,-107.935
589.310,-105.409
589.410,-108.382
589.510,-108.292
589.610,-109.354
589.710,-110.454
589.810,-110.785
589.910,-109.108
590.010,-107.556
590.110,-109.616
590.210,-107.311
590.310,-103.981
590.410,-110.332
590.510,-110.192
590.610,-110.069
590.710,-108.352
590.810,-110.107
590.910,-109.778
591.010,-108.748
591.110,-108.453
591.210,-107.386
591.310,-107.515
591.410,-106.282
591.510,-104.316
591.610,-106.306
591.710,-105.716
591.810,-104.416
591.910,-105.443
592.010,-107.286
592.010,-107.494
592.110,-108.533
592.210,-109.091
592.310,-108.666
592.410,-108.076
592.510,-109.222
592.610,-108.096
592.710,-106.975
592.810,-106.372
592.910,-105.443
593.010,-107.917
593.110,-107.448
593.210,-109.502
593.310,-106.822
593.410,-106.602
593.510,-107.522
593.610,-105.563
593.710,-106.021
593.810,-103.699
593.910,-92.333
594.010,-93.182
594.110,-101.410
594.210,-103.164
594.310,-99.821
594.410,-100.113
594.510,-106.063
594.610,-104.109
594.710,-107.218
594.810,-105.656
594.910,-107.364
595.010,-108.768
595.110,-107.328
595.210,-108.698
595.310,-108.305
595.410,-110.781
595.510,-110.169
595.610,-109.504
595.710,-109.345
595.810,-109.937
595.910,-107.968
596.010,-108.994
596.110,-108.747
596.210,-107.796
596.310,-110.046
596.410,-110.193
596.510,-109.850
596.610,-108.438
596.710,-104.988
596.810,-108.198
596.910,-108.775
597.010,-106.150
597.110,-105.832
597.210,-104.312
597.310,-107.654
597.410,-108.058
597.510,-107.709
597.610,-109.086
597.710,-110.734
597.810,-110.668
597.910,-111.345
598.010,-108.160
598.110,-110.816
598.210,-110.317
598.310,-111.449
598.410,-110.092
598.510,-109.260
598.610,-106.916
598.710,-109.067
598.810,-108.387
598.910,-110.548
599.010,-111.330
599.110,-108.546
599.210,-110.810
599.310,-110.330
599.410,-111.942
599.510,-107.813
599.610,-111.924
599.710,-111.823
599.810,-107.978
599.910,-100.798
600.010,-100.277
600.010,-100.289
600.110,-104.962
600.210,-109.823
600.310,-109.834
600.410,-110.718
600.510,-111.761
600.610,-109.497
600.710,-111.151
600.810,-112.109
600.910,-110.577
601.010,-110.309
601.110,-111.274
601.210,-110.728
601.310,-109.938
601.410,-107.677
601.510,-109.089
601.610,-108.927
601.710,-111.079
601.810,-109.751
601.910,-109.131
602.010,-109.540
602.110,-105.840
602.210,-108.477
602.310,-109.246
602.410,-108.499
602.510,-107.580
602.610,-106.556
602.710,-104.060
602.810,-102.907
602.910,-103.195
603.010,-105.166
603.110,-105.820
603.210,-107.268
603.310,-105.459
603.410,-105.432
603.510,-105.043
603.610,-103.435
603.710,-103.775
603.810,-104.787
603.910,-105.130
604.010,-104.473
604.110,-105.204
604.210,-104.830
604.310,-108.610
604.410,-108.145
604.510,-109.948
604.610,-110.596
604.710,-110.323
604.810,-109.487
604.910,-106.246
605.010,-106.936
605.110,-106.060
605.210,-106.557
605.310,-105.727
605.410,-107.981
605.510,-101.829
605.610,-98.318
605.710,-100.232
605.810,-102.194
605.910,-103.347
606.010,-104.892
606.110,-101.959
606.210,-102.532
606.310,-103.676
606.410,-104.212
606.510,-105.201
606.610,-103.522
606.710,-105.762
606.810,-106.989
606.910,-106.253
607.010,-108.521
607.110,-107.113
607.210,-108.446
607.310,-109.836
607.410,-106.811
607.510,-107.879
607.610,-105.904
607.710,-106.188
607.810,-107.953
607.910,-108.125
608.010,-106.275
608.110,-105.763
608.210,-106.788
608.310,-104.032
608.410,-105.078
608.510,-104.161
608.610,-106.790
608.710,-108.154
608.810,-107.081
608.910,-108.740
609.010,-107.869
609.110,-107.785
609.210,-109.007
609.310,-109.069
609.410,-108.819
609.510,-110.160
609.610,-108.955
609.710,-107.774
609.810,-104.154
609.910,-107.086
610.010,-107.426
610.110,-108.820
610.210,-107.791
610.310,-107.889
610.410,-106.896
610.510,-106.812
610.610,-109.447
610.710,-107.939
610.810,-108.115
610.910,-107.578
611.010,-110.875
611.110,-107.181
611.210,-100.076
611.310,-99.174
611.410,-103.361
611.510,-107.910
611.610,-108.214
611.710,-104.760
611.810,-104.138
611.910,-106.760
612.010,-109.398
612.110,-109.094
612.210,-108.781
612.310,-105.677
612.410,-106.082
612.510,-106.936
612.610,-104.791
612.710,-103.488
612.810,-104.655
612.910,-106.923
613.010,-107.604
613.110,-106.547
613.210,-104.006
613.310,-103.614
613.410,-105.788
613.510,-105.198
613.610,-103.825
613.710,-104.287
613.810,-106.959
613.910,-106.771
614.010,-102.750
614.110,-101.150
614.210,-102.194
614.310,-103.555
614.410,-102.862
614.510,-101.962
614.610,-100.576
614.710,-102.548
614.810,-104.015
614.910,-104.724
615.010,-104.869
615.110,-103.801
615.210,-102.682
615.310,-101.612
615.410,-97.737
615.510,-96.308
615.610,-94.107
615.710,-95.034
615.810,-90.417
615.910,-88.473
616.010,-88.335
616.110,-90.987
616.210,-95.205
616.310,-97.134
616.410,-96.712
616.510,-99.366
616.610,-101.634
616.710,-104.564
616.810,-103.230
616.910,-98.597
617.010,-99.546
617.110,-103.144
617.210,-101.876
617.310,-99.205
617.410,-98.580
617.510,-100.459
617.610,-103.246
617.710,-104.144
617.810,-105.033
617.910,-103.556
618.010,-105.292
618.110,-103.992
618.210,-102.131
618.310,-102.650
618.410,-100.067
618.510,-102.336
618.610,-102.389
618.710,-105.271
618.810,-103.444
618.910,-103.165
619.010,-104.238
619.110,-103.267
619.210,-103.509
619.310,-104.084
619.410,-103.033
619.510,-101.905
619.610,-102.994
619.710,-105.099
619.810,-103.103
619.910,-102.645
620.010,-101.080
620.110,-101.997
620.210,-98.436
620.310,-100.052
620.410,-100.745
620.510,-100.228
620.610,-101.360
620.710,-98.720
620.810,-101.223
620.910,-100.529
621.010,-101.161
621.110,-100.556
621.210,-100.077
621.310,-100.904
621.410,-98.653
621.510,-99.304
621.610,-97.087
621.710,-97.080
621.810,-99.481
621.910,-99.735
622.010,-100.893
622.110,-98.870
622.210,-98.741
622.310,-100.709
622.410,-100.743
622.510,-96.714
622.610,-99.737
622.710,-101.417
622.810,-103.010
622.910,-101.125
623.010,-96.988
623.110,-98.735
623.210,-101.670
623.310,-104.024
623.410,-101.815
623.510,-103.505
623.610,-102.154
623.710,-104.293
623.810,-104.013
623.910,-102.768
624.010,-99.661
624.110,-103.797
624.210,-103.518
624.310,-104.865
624.410,-103.855
624.510,-102.917
624.610,-103.118
624.710,-104.175
624.810,-105.679
624.910,-105.496
625.010,-102.893
625.110,-104.952
625.210,-101.922
625.310,-100.114
625.410,-100.795
625.510,-103.477
625.610,-100.404
625.710,-101.790
625.810,-100.954
625.910,-100.187
626.010,-100.924
626.110,-100.057
626.210,-100.391
626.310,-103.428
626.410,-102.612
626.510,-103.516
626.610,-100.869
626.710,-100.599
626.810,-101.800
626.910,-102.320
627.010,-101.543
627.110,-104.327
627.210,-101.687
627.310,-100.094
627.410,-102.552
627.510,-103.716
627.610,-102.148
627.710,-103.363
627.810,-104.383
627.910,-105.454
628.010,-102.834
628.110,-103.522
628.210,-103.125
628.310,-105.247
628.410,-105.608
628.510,-103.085
628.610,-101.668
628.710,-98.672
628.810,-99.830
628.910,-103.771
629.010,-104.676
629.110,-104.726
629.210,-100.796
629.310,-103.829
629.410,-102.997
629.510,-104.669
629.610,-104.458
629.710,-102.958
629.810,-99.107
629.910,-102.111
630.010,-100.638
630.110,-98.846
630.210,-101.060
630.310,-103.708
630.410,-104.783
630.510,-103.963
630.610,-104.944
630.710,-105.455
630.810,-104.389
630.910,-104.437
631.010,-100.188
631.110,-104.477
631.210,-103.514
631.310,-102.642
631.410,-103.574
631.510,-101.023
631.610,-100.812
631.710,-104.823
631.810,-105.920
631.910,-106.184
632.010,-104.135
632.110,-105.649
632.210,-107.693
632.310,-106.843
632.410,-107.357
632.510,-106.505
632.610,-106.079
632.710,-104.246
632.810,-103.088
632.910,-100.953
633.010,-102.320
633.110,-103.592
633.210,-105.042
633.310,-104.532
633.410,-105.056
633.510,-105.881
633.610,-104.074
633.710,-104.396
633.810,-104.097
633.910,-107.288
634.010,-104.648
634.110,-105.999
634.210,-103.146
634.310,-98.533
634.410,-98.428
634.510,-101.983
634.610,-106.623
634.710,-107.157
634.810,-106.072
634.910,-105.070
635.010,-107.529
635.110,-107.483
635.210,-108.490
635.310,-107.782
635.410,-104.660
635.510,-102.742
635.610,-105.123
635.710,-105.364
635.810,-103.141
635.910,-102.702
636.010,-104.416
636.110,-108.605
636.210,-107.606
636.310,-109.577
636.410,-106.241
636.510,-105.065
636.610,-107.860
636.710,-106.969
636.810,-106.223
636.910,-104.459
637.010,-105.954
637.110,-105.406
637.210,-105.019
637.310,-96.089
637.410,-92.113
637.510,-87.151
637.610,-88.368
637.710,-88.583
637.810,-89.755
637.910,-91.580
638.010,-90.226
638.110,-89.317
638.210,-90.565
638.310,-92.017
638.410,-91.516
638.510,-91.568
638.610,-91.521
638.710,-91.529
638.810,-90.635
638.910,-90.887
639.010,-90.469
639.110,-91.897
639.210,-94.113
639.310,-93.289
639.410,-91.430
639.510,-91.736
639.610,-91.565
639.710,-90.708
639.810,-92.201
639.910,-91.939
640.010,-90.452
640.110,-91.426
640.210,-92.271
640.310,-90.946
640.410,-91.632
640.510,-90.923
640.610,-91.498
640.710,-90.950
640.810,-91.012
640.910,-88.847
641.010,-88.298
641.110,-90.145
641.210,-92.084
641.310,-88.649
641.410,-89.547
641.510,-90.761
641.610,-87.660
641.710,-90.340
641.810,-88.192
641.910,-90.230
642.010,-88.623
642.110,-89.915
642.210,-88.893
642.310,-91.146
642.410,-89.082
642.510,-88.105
642.610,-90.542
642.710,-89.127
642.810,-89.369
642.910,-89.707
643.010,-90.276
643.110,-88.692
643.210,-88.628
643.310,-90.607
643.410,-89.125
643.510,-91.180
643.610,-91.056
643.710,-91.057
643.810,-89.076
643.910,-88.684
644.010,-91.250
644.110,-90.235
644.210,-91.055
644.310,-90.489
644.410,-91.144
644.510,-91.708
644.610,-90.430
644.710,-90.966
644.810,-91.650
644.910,-88.857
645.010,-88.701
645.110,-91.493
645.210,-89.334
645.310,-90.040
645.410,-88.152
645.510,-88.171
645.610,-92.259
645.710,-92.005
645.810,-90.014
645.910,-90.600
646.010,-89.870
646.010,-90.667
646.110,-92.233
646.210,-91.722
646.310,-93.995
646.410,-92.240
646.510,-92.417
646.610,-93.364
646.710,-92.825
646.810,-91.915
646.910,-89.438
647.010,-93.834
647.110,-93.457
647.210,-92.560
647.310,-93.680
647.410,-95.243
647.510,-93.062
647.610,-93.284
647.710,-100.473
647.810,-96.621
647.910,-97.316
648.010,-102.999
648.110,-99.555
648.210,-93.908
648.310,-93.417
648.410,-100.415
648.510,-95.894
648.610,-98.406
648.710,-99.030
648.810,-98.869
648.910,-98.249
649.010,-99.653
649.110,-92.148
649.210,-91.528
649.310,-94.480
649.410,-102.908
649.510,-91.685
649.610,-91.706
649.710,-92.789
649.810,-93.049
649.910,-95.677
650.010,-99.873
650.110,-101.461
650.210,-94.983
650.310,-99.093
650.410,-91.076
650.510,-91.589
650.610,-93.428
650.710,-94.822
650.810,-102.235
650.910,-99.964
651.010,-97.516
651.110,-99.482
651.210,-98.362
651.310,-95.086
651.410,-95.931
651.510,-97.732
651.610,-103.509
651.710,-109.551
651.810,-109.735
651.910,-109.082
652.010,-110.236
652.110,-110.287
652.210,-111.578
652.310,-110.769
652.410,-110.496
652.510,-108.109
652.610,-111.380
652.710,-109.789
652.810,-110.629
652.910,-110.188
653.010,-109.953
653.110,-112.907
653.210,-110.907
653.310,-111.058
653.410,-111.502
653.510,-111.451
653.610,-110.658
653.710,-108.937
653.810,-111.570
653.910,-110.628
654.010,-108.366
654.110,-109.681
654.210,-109.591
654.310,-109.469
654.410,-106.254
654.510,-109.741
654.610,-110.279
654.710,-112.171
654.810,-110.685
654.910,-111.831
655.010,-109.472
655.110,-111.488
655.210,-110.600
655.310,-110.033
655.410,-109.090
655.510,-109.418
655.610,-111.063
655.710,-111.691
655.810,-110.710
655.910,-110.778
656.010,-110.292
656.110,-110.537
656.210,-110.615
656.310,-110.489
656.410,-112.130
656.510,-111.146
656.610,-110.462
656.710,-110.033
656.810,-109.291
656.910,-106.952
657.010,-108.739
657.110,-112.010
657.210,-112.290
657.310,-109.954
657.410,-108.901
657.510,-111.230
657.610,-111.498
657.710,-111.057
657.810,-108.965
657.910,-111.749
658.010,-111.536
658.110,-110.058
658.210,-109.430
658.310,-109.733
658.410,-110.651
658.510,-110.828
658.610,-111.199
658.710,-109.918
658.810,-110.700
658.910,-111.745
659.010,-109.261
659.110,-109.558
659.210,-109.792
659.310,-112.103
659.410,-110.087
659.510,-108.766
659.610,-109.573
659.710,-108.846
659.810,-105.460
659.910,-100.967
660.010,-100.340
660.110,-104.123
660.210,-109.962
660.310,-108.581
660.410,-110.055
660.510,-111.619
660.610,-109.988
660.710,-111.669
660.810,-110.202
660.910,-110.081
661.010,-112.318
661.110,-110.488
661.210,-109.886
661.310,-111.463
661.410,-112.481
661.510,-111.340
661.610,-110.245
661.710,-111.023
661.810,-111.365
661.910,-108.651
662.010,-111.341
662.110,-110.952
662.210,-110.858
662.310,-113.401
662.410,-112.842
662.510,-107.666
662.610,-107.948
662.710,-110.366
662.810,-112.838
662.910,-107.349
663.010,-107.354
663.110,-107.120
663.210,-109.369
663.310,-111.873
663.410,-111.666
663.510,-109.814
663.610,-109.867
663.710,-109.952
663.810,-111.594
663.910,-110.441
664.010,-110.467
664.110,-110.279
664.210,-109.786
664.310,-111.548
664.410,-113.501
664.510,-112.408
664.610,-110.723
664.710,-109.954
664.810,-111.251
664.910,-110.504
665.010,-111.073
665.110,-108.789
665.210,-112.208
665.310,-111.474
665.410,-110.457
665.510,-111.569
665.610,-106.677
665.710,-109.368
665.810,-108.291
665.910,-108.228
666.010,-107.963
666.110,-110.122
666.210,-109.664
666.310,-108.897
666.410,-109.802
666.510,-110.147
666.610,-110.479
666.710,-108.279
666.810,-106.573
666.910,-105.146
667.010,-101.888
667.110,-100.106
667.210,-93.312
667.310,-91.761
667.410,-95.493
667.510,-103.086
667.610,-103.827
667.710,-106.401
667.810,-109.244
667.910,-106.930
668.010,-106.988
668.110,-88.556
668.210,-87.066
668.310,-94.533
668.410,-103.807
668.510,-102.546
668.610,-107.090
668.710,-105.037
668.810,-106.374
668.910,-110.666
669.010,-108.220
669.110,-110.464
669.210,-108.950
669.310,-111.084
669.410,-108.813
669.510,-112.309
669.610,-111.042
669.710,-110.327
669.810,-110.011
669.910,-111.275
670.010,-110.055
670.110,-113.598
670.210,-112.029
670.310,-111.453
670.410,-112.074
670.510,-110.936
670.610,-111.917
670.710,-112.494
670.810,-111.726
670.910,-110.577
671.010,-112.332
671.110,-109.379
671.210,-111.951
671.310,-110.471
671.410,-111.705
671.510,-110.707
671.610,-110.040
671.710,-108.086
671.810,-111.132
671.910,-109.838
672.010,-113.361
672.110,-110.820
672.210,-109.750
672.310,-110.451
672.410,-112.249
672.510,-111.820
672.610,-111.678
672.710,-111.581
672.810,-111.049
672.910,-110.480
673.010,-111.889
673.110,-109.314
673.210,-111.902
673.310,-110.210
673.410,-110.694
673.510,-110.459
673.610,-111.737
673.710,-113.625
673.810,-114.019
673.910,-110.475
674.010,-109.578
674.110,-111.689
674.210,-110.237
674.310,-105.605
674.410,-107.083
674.510,-110.353
674.610,-109.307
674.710,-113.624
674.810,-109.821
674.910,-110.228
675.010,-110.386
675.110,-110.680
675.210,-110.984
675.310,-110.116
675.410,-111.537
675.510,-111.891
675.610,-110.806
675.710,-111.620
675.810,-109.372
675.910,-111.647
676.010,-110.748
676.110,-112.439
676.210,-109.775
676.310,-112.089
676.410,-111.609
676.510,-110.410
676.610,-113.457
676.710,-112.423
676.810,-111.458
676.910,-111.505
677.010,-111.680
677.110,-109.887
677.210,-106.625
677.310,-104.768
677.410,-110.842
677.510,-100.422
677.610,-107.173
677.710,-106.450
677.810,-111.124
677.910,-109.031
678.010,-109.616
678.110,-111.036
678.210,-110.654
678.310,-109.757
678.410,-111.774
678.510,-113.351
678.610,-110.580
678.710,-108.376
678.810,-112.491
678.910,-112.579
679.010,-110.227
679.110,-109.557
679.210,-109.821
679.310,-111.697
679.410,-110.529
679.510,-109.781
679.610,-112.540
679.710,-112.187
679.810,-109.831
679.910,-105.983
680.010,-105.077
680.110,-108.233
680.210,-111.944
680.310,-111.415
680.410,-108.414
680.510,-110.395
680.610,-110.421
680.710,-109.577
680.810,-107.731
680.910,-111.189
681.010,-109.028
681.110,-107.688
681.210,-111.291
681.310,-109.481
681.410,-109.507
681.510,-109.128
681.610,-108.216
681.710,-105.202
681.810,-101.419
681.910,-103.450
682.010,-101.380
682.110,-105.260
682.210,-109.007
682.310,-108.980
682.410,-108.700
682.510,-108.599
682.610,-108.533
682.710,-109.313
682.810,-108.422
682.910,-107.767
683.010,-110.533
683.110,-110.118
683.210,-111.989
683.310,-110.658
683.410,-111.354
683.510,-111.644
683.610,-110.413
683.710,-109.962
683.810,-111.525
683.910,-108.660
684.010,-108.504
684.110,-108.389
684.210,-103.866
684.310,-96.935
684.410,-97.128
684.510,-99.746
684.610,-107.186
684.710,-108.002
684.810,-110.461
684.910,-107.237
685.010,-110.211
685.110,-108.811
685.210,-108.386
685.310,-108.878
685.410,-109.899
685.510,-108.542
685.610,-106.766
685.710,-106.831
685.810,-109.109
685.910,-110.788
686.010,-112.382
686.110,-110.945
686.210,-111.603
686.310,-111.318
686.410,-109.566
686.510,-110.774
686.610,-110.820
686.710,-111.717
686.810,-112.134
686.910,-110.765
687.010,-110.683
687.110,-111.259
687.210,-110.294
687.310,-111.117
687.410,-112.142
687.510,-110.490
687.610,-110.107
687.710,-110.867
687.810,-109.855
687.910,-111.682
688.010,-110.118
688.110,-109.610
688.210,-111.867
688.310,-111.952
688.410,-109.685
688.510,-107.732
688.610,-109.831
688.710,-107.965
688.810,-110.423
688.910,-106.820
689.010,-109.798
689.110,-110.874
689.210,-110.801
689.310,-112.381
689.410,-111.369
689.510,-110.793
689.610,-111.494
689.710,-112.078
689.810,-109.479
689.910,-110.346
690.010,-111.011
690.110,-109.318
690.210,-110.070
690.310,-111.171
690.410,-108.893
690.510,-109.253
690.610,-110.680
690.710,-109.612
690.810,-108.964
690.910,-107.310
691.010,-106.593
691.110,-107.443
691.210,-106.907
691.310,-107.913
691.410,-111.368
691.510,-108.297
691.610,-108.237
691.710,-109.150
691.810,-107.219
691.910,-109.698
692.010,-112.588
692.010,-109.828
692.110,-109.284
692.210,-111.562
692.310,-110.498
692.410,-112.341
692.510,-109.291
692.610,-111.130
692.710,-110.399
692.810,-111.397
692.910,-108.262
693.010,-108.709
693.110,-111.224
693.210,-111.433
693.310,-110.723
693.410,-111.917
693.510,-111.758
693.610,-111.864
693.710,-110.874
693.810,-110.925
693.910,-110.086
694.010,-111.551
694.110,-111.915
694.210,-110.929
694.310,-111.289
694.410,-110.930
694.510,-111.967
694.610,-111.360
694.710,-110.670
694.810,-110.236
694.910,-107.386
695.010,-110.484
695.110,-110.707
695.210,-112.485
695.310,-110.444
695.410,-111.036
695.510,-111.497
695.610,-112.660
695.710,-111.545
695.810,-109.749
695.910,-110.690
696.010,-109.773
696.110,-111.755
696.210,-112.072
696.310,-110.512
696.410,-110.209
696.510,-111.618
696.610,-112.118
696.710,-110.037
696.810,-111.419
696.910,-112.240
697.010,-111.249
697.110,-110.826
697.210,-111.345
697.310,-112.495
697.410,-111.972
697.510,-111.293
697.610,-109.665
697.710,-105.934
697.810,-106.256
697.910,-109.180
698.010,-111.561
698.110,-111.481
698.210,-111.879
698.310,-110.264
698.410,-111.444
698.510,-110.087
698.610,-110.433
698.710,-110.123
698.810,-110.964
698.910,-109.990
699.010,-111.077
699.110,-110.799
699.210,-109.943
699.310,-109.951
699.410,-109.276
699.510,-111.286
699.610,-111.270
699.710,-108.714
699.810,-109.071
699.910,-109.848
700.010,-107.529
