Frequency (MHz),Level (dBm)
50.000,-120.725
50.011,-120.758
50.022,-122.205
50.033,-122.241
50.043,-121.745
50.054,-120.854
50.065,-121.252
50.076,-121.430
50.087,-121.334
50.098,-121.636
50.108,-121.349
50.119,-121.521
50.130,-120.285
50.141,-120.802
50.152,-122.674
50.163,-120.129
50.174,-119.698
50.184,-120.473
50.195,-120.809
50.206,-121.083
50.217,-121.006
50.228,-119.445
50.239,-119.246
50.249,-122.189
50.260,-120.970
50.271,-120.927
50.282,-120.802
50.293,-120.951
50.304,-120.265
50.315,-122.245
50.325,-123.203
50.336,-120.916
50.347,-120.743
50.358,-120.263
50.369,-120.841
50.380,-122.481
50.391,-121.840
50.401,-120.287
50.412,-120.492
50.423,-120.628
50.434,-120.589
50.445,-120.370
50.456,-119.564
50.466,-121.642
50.477,-121.092
50.488,-120.125
50.499,-120.000
50.510,-120.376
50.521,-120.030
50.532,-119.047
50.542,-117.475
50.553,-118.483
50.564,-120.873
50.575,-120.525
50.586,-121.484
50.597,-120.880
50.607,-121.382
50.618,-121.836
50.629,-120.841
50.640,-119.561
50.651,-120.176
50.662,-121.251
50.673,-123.206
50.683,-121.761
50.694,-121.215
50.705,-121.184
50.716,-120.838
50.727,-121.071
50.738,-121.034
50.748,-121.249
50.759,-122.303
50.770,-119.879
50.781,-121.263
50.792,-121.818
50.803,-119.993
50.814,-119.995
50.824,-120.037
50.835,-121.437
50.846,-120.739
50.857,-121.370
50.868,-121.511
50.879,-119.872
50.890,-119.840
50.900,-119.105
50.911,-118.977
50.922,-121.610
50.933,-122.008
50.944,-121.859
50.955,-122.035
50.965,-122.579
50.976,-120.267
50.987,-120.993
50.998,-121.497
51.009,-120.395
51.020,-119.873
51.031,-121.751
51.041,-120.566
51.052,-121.865
51.063,-121.476
51.074,-120.243
51.085,-119.442
51.096,-119.786
51.106,-120.295
51.117,-122.125
51.128,-122.163
51.139,-120.142
51.150,-119.703
51.161,-121.400
51.172,-122.629
51.182,-123.043
51.193,-118.091
51.204,-117.094
51.215,-119.368
51.226,-119.490
51.237,-120.852
51.248,-120.040
51.258,-119.665
51.269,-119.686
51.280,-119.487
51.291,-120.477
51.302,-121.199
51.313,-121.683
51.323,-120.072
51.334,-122.142
51.345,-121.215
51.356,-120.687
51.367,-121.412
51.378,-123.122
51.389,-121.627
51.399,-121.508
51.410,-123.322
51.421,-120.068
51.432,-121.944
51.443,-120.642
51.454,-120.479
51.464,-120.649
51.475,-118.635
51.486,-118.570
51.497,-120.838
51.508,-121.219
51.519,-120.537
51.530,-120.788
51.540,-121.427
51.551,-121.216
51.562,-120.183
51.573,-120.202
51.584,-119.540
51.595,-119.458
51.605,-119.560
51.616,-120.994
51.627,-121.354
51.638,-121.298
51.649,-121.317
51.660,-121.804
51.671,-121.755
51.681,-119.503
51.692,-121.557
51.703,-121.650
51.714,-122.854
51.725,-120.764
51.736,-121.040
51.746,-122.177
51.757,-120.296
51.768,-119.389
51.779,-120.241
51.790,-122.028
51.801,-122.487
51.812,-121.604
51.822,-121.933
51.833,-120.110
51.844,-118.968
51.855,-119.042
51.866,-122.621
51.877,-120.956
51.888,-121.369
51.898,-119.600
51.909,-119.572
51.920,-120.226
51.931,-120.379
51.942,-119.872
51.953,-120.469
51.963,-121.097
51.974,-121.347
51.985,-119.669
51.996,-119.867
52.007,-121.894
52.018,-120.286
52.029,-120.090
52.039,-120.407
52.050,-121.557
52.061,-120.996
52.072,-120.664
52.083,-120.648
52.094,-121.291
52.104,-121.106
52.115,-120.240
52.126,-120.596
52.137,-120.673
52.148,-121.383
52.159,-119.647
52.170,-118.579
52.180,-120.144
52.191,-121.477
52.202,-120.807
52.213,-119.560
52.224,-119.644
52.235,-122.359
52.245,-121.807
52.256,-120.775
52.267,-119.121
52.278,-119.193
52.289,-119.148
52.300,-118.391
52.311,-118.358
52.321,-122.313
52.332,-121.989
52.343,-122.016
52.354,-120.381
52.365,-121.254
52.376,-122.324
52.387,-120.027
52.397,-120.145
52.408,-122.094
52.419,-121.921
52.430,-120.098
52.441,-120.301
52.452,-121.136
52.462,-121.527
52.473,-124.177
52.484,-121.725
52.495,-119.752
52.506,-120.592
52.517,-120.699
52.528,-121.270
52.538,-120.195
52.549,-119.514
52.560,-121.316
52.571,-121.464
52.582,-121.588
52.593,-119.353
52.603,-119.322
52.614,-121.142
52.625,-121.688
52.636,-120.806
52.647,-122.439
52.658,-122.425
52.669,-121.632
52.679,-121.017
52.690,-120.831
52.701,-121.875
52.712,-121.998
52.723,-120.362
52.734,-119.921
52.745,-120.675
52.755,-119.275
52.766,-119.295
52.777,-121.640
52.788,-120.407
52.799,-120.978
52.810,-119.360
52.820,-118.573
52.831,-117.825
52.842,-117.758
52.853,-121.129
52.864,-121.323
52.875,-121.374
52.886,-120.156
52.896,-119.630
52.907,-119.980
52.918,-119.982
52.929,-118.864
52.940,-119.747
52.951,-118.477
52.961,-120.166
52.972,-119.298
52.983,-121.066
52.994,-120.456
53.005,-121.382
53.016,-119.487
53.027,-119.565
53.037,-119.484
53.048,-120.347
53.059,-119.901
53.070,-119.759
53.081,-119.787
53.092,-119.238
53.102,-119.424
53.113,-121.997
53.124,-121.703
53.135,-121.542
53.146,-122.056
53.157,-121.507
53.168,-122.624
53.178,-121.779
53.189,-120.155
53.200,-122.481
53.211,-119.454
53.222,-119.677
53.233,-122.028
53.243,-121.376
53.254,-118.875
53.265,-118.794
53.276,-120.987
53.287,-120.978
53.298,-120.357
53.309,-121.794
53.319,-122.489
53.330,-120.320
53.341,-121.639
53.352,-121.356
53.363,-120.162
53.374,-120.106
53.385,-122.407
53.395,-121.491
53.406,-121.529
53.417,-122.373
53.428,-119.588
53.439,-121.053
53.450,-120.763
53.460,-123.298
53.471,-122.735
53.482,-122.789
53.493,-120.079
53.504,-119.824
53.515,-123.052
53.526,-119.154
53.536,-117.433
53.547,-117.427
53.558,-120.881
53.569,-121.908
53.580,-120.965
53.591,-119.134
53.601,-120.484
53.612,-122.297
53.623,-121.353
53.634,-121.952
53.645,-119.955
53.656,-120.330
53.667,-121.674
53.677,-120.947
53.688,-119.700
53.699,-120.800
53.710,-123.592
53.721,-121.629
53.732,-120.108
53.742,-120.553
53.753,-121.955
53.764,-122.129
53.775,-120.959
53.786,-122.686
53.797,-119.300
53.808,-119.501
53.818,-119.968
53.829,-119.781
53.840,-119.547
53.851,-118.528
53.862,-120.251
53.873,-122.319
53.884,-121.572
53.894,-121.231
53.905,-120.709
53.916,-120.206
53.927,-120.324
53.938,-117.941
53.949,-117.249
53.959,-120.796
53.970,-120.566
53.981,-122.184
53.992,-120.770
54.003,-121.672
54.014,-121.996
54.025,-121.823
54.035,-120.245
54.046,-119.762
54.057,-119.568
54.068,-120.262
54.079,-120.586
54.090,-121.267
54.100,-121.046
54.111,-119.739
54.122,-118.451
54.133,-119.072
54.144,-120.830
54.155,-118.831
54.166,-119.435
54.176,-121.542
54.187,-123.928
54.198,-125.861
54.209,-121.201
54.220,-121.748
54.231,-121.252
54.242,-121.198
54.252,-122.115
54.263,-122.087
54.274,-123.299
54.285,-121.831
54.296,-121.605
54.307,-121.648
54.317,-120.730
54.328,-119.489
54.339,-120.531
54.350,-121.055
54.361,-120.669
54.372,-119.672
54.383,-119.506
54.393,-121.710
54.404,-122.466
54.415,-122.175
54.426,-117.587
54.437,-117.566
54.448,-119.591
54.458,-120.584
54.469,-120.405
54.480,-120.341
54.491,-120.922
54.502,-122.488
54.513,-121.051
54.524,-119.211
54.534,-119.011
54.545,-120.490
54.556,-121.193
54.567,-119.490
54.578,-119.184
54.589,-120.885
54.599,-120.866
54.610,-122.156
54.621,-121.212
54.632,-118.215
54.643,-118.927
54.654,-118.437
54.665,-118.614
54.675,-121.450
54.686,-120.549
54.697,-120.302
54.708,-121.749
54.719,-121.807
54.730,-118.908
54.740,-118.940
54.751,-119.333
54.762,-119.014
54.773,-118.960
54.784,-118.359
54.795,-120.076
54.806,-119.508
54.816,-118.795
54.827,-118.638
54.838,-121.654
54.849,-123.131
54.860,-123.006
54.871,-123.773
54.882,-119.246
54.892,-120.573
54.903,-122.840
54.914,-122.634
54.925,-120.989
54.936,-118.198
54.947,-118.563
54.957,-120.899
54.968,-122.044
54.979,-120.928
54.990,-120.616
54.990,-121.126
55.001,-121.215
55.012,-121.883
55.023,-122.889
55.033,-121.063
55.044,-121.844
55.055,-120.136
55.066,-119.952
55.077,-119.482
55.088,-120.098
55.098,-122.060
55.109,-120.276
55.120,-120.388
55.131,-120.370
55.142,-119.760
55.153,-119.791
55.164,-122.104
55.174,-121.389
55.185,-121.805
55.196,-120.996
55.207,-122.659
55.218,-121.938
55.229,-120.927
55.239,-121.363
55.250,-120.439
55.261,-120.317
55.272,-122.917
55.283,-122.280
55.294,-121.967
55.305,-118.840
55.315,-119.234
55.326,-121.283
55.337,-121.210
55.348,-121.202
55.359,-120.657
55.370,-121.192
55.381,-120.445
55.391,-119.804
55.402,-122.078
55.413,-120.145
55.424,-118.377
55.435,-119.152
55.446,-118.244
55.456,-118.318
55.467,-119.086
55.478,-119.974
55.489,-122.374
55.500,-121.993
55.511,-122.203
55.522,-122.203
55.532,-122.796
55.543,-121.201
55.554,-121.230
55.565,-120.131
55.576,-119.882
55.587,-121.086
55.597,-122.137
55.608,-122.562
55.619,-120.208
55.630,-120.005
55.641,-120.221
55.652,-121.290
55.663,-122.561
55.673,-122.935
55.684,-122.686
55.695,-123.340
55.706,-122.462
55.717,-122.127
55.728,-121.374
55.739,-121.670
55.749,-121.219
55.760,-120.311
55.771,-121.683
55.782,-120.830
55.793,-121.084
55.804,-121.525
55.814,-121.636
55.825,-122.020
55.836,-122.453
55.847,-120.918
55.858,-122.727
55.869,-119.653
55.880,-118.282
55.890,-119.927
55.901,-121.359
55.912,-120.484
55.923,-119.197
55.934,-122.035
55.945,-120.998
55.955,-120.708
55.966,-121.942
55.977,-119.719
55.988,-119.650
55.999,-120.035
56.010,-121.089
56.021,-121.001
56.031,-121.400
56.042,-120.899
56.053,-120.630
56.064,-121.169
56.075,-123.371
56.086,-122.417
56.096,-122.493
56.107,-122.164
56.118,-121.885
56.129,-122.090
56.140,-123.736
56.151,-119.579
56.162,-118.425
56.172,-118.580
56.183,-119.786
56.194,-121.400
56.205,-120.567
56.216,-121.305
56.227,-120.953
56.237,-120.977
56.248,-121.059
56.259,-120.525
56.270,-120.478
56.281,-120.271
56.292,-120.153
56.303,-119.755
56.313,-120.823
56.324,-121.155
56.335,-121.168
56.346,-118.557
56.357,-118.671
56.368,-119.761
56.379,-121.355
56.389,-119.316
56.400,-120.548
56.411,-120.852
56.422,-121.720
56.433,-121.493
56.444,-121.400
56.454,-121.541
56.465,-120.879
56.476,-120.691
56.487,-121.087
56.498,-120.788
56.509,-119.407
56.520,-122.306
56.530,-122.812
56.541,-121.389
56.552,-121.568
56.563,-120.600
56.574,-120.874
56.585,-121.441
56.595,-119.838
56.606,-119.413
56.617,-120.939
56.628,-119.222
56.639,-120.646
56.650,-116.850
56.661,-117.278
56.671,-120.933
56.682,-120.973
56.693,-120.584
56.704,-120.949
56.715,-121.940
56.726,-121.467
56.736,-119.600
56.747,-120.354
56.758,-121.796
56.769,-120.796
56.780,-120.648
56.791,-119.629
56.802,-119.984
56.812,-121.865
56.823,-121.582
56.834,-121.561
56.845,-121.726
56.856,-118.630
56.867,-120.228
56.878,-122.909
56.888,-122.656
56.899,-120.504
56.910,-120.638
56.921,-123.401
56.932,-120.335
56.943,-119.980
56.953,-120.129
56.964,-121.217
56.975,-121.566
56.986,-121.924
56.997,-122.127
57.008,-121.907
57.019,-120.552
57.029,-120.223
57.040,-122.900
57.051,-122.337
57.062,-120.457
57.073,-120.748
57.084,-121.962
57.094,-120.780
57.105,-119.773
57.116,-119.465
57.127,-120.242
57.138,-122.951
57.149,-122.308
57.160,-122.083
57.170,-122.375
57.181,-122.298
57.192,-122.757
57.203,-119.067
57.214,-117.729
57.225,-119.600
57.236,-120.668
57.246,-120.730
57.257,-121.838
57.268,-122.934
57.279,-121.535
57.290,-119.794
57.301,-119.832
57.311,-120.521
57.322,-119.942
57.333,-120.730
57.344,-122.061
57.355,-121.126
57.366,-123.031
57.377,-122.776
57.387,-121.164
57.398,-120.663
57.409,-121.088
57.420,-121.935
57.431,-120.897
57.442,-120.948
57.452,-119.280
57.463,-119.191
57.474,-120.068
57.485,-119.279
57.496,-121.777
57.507,-121.972
57.518,-123.403
57.528,-121.913
57.539,-120.644
57.550,-120.621
57.561,-121.147
57.572,-120.715
57.583,-121.336
57.593,-122.359
57.604,-122.233
57.615,-121.550
57.626,-119.650
57.637,-122.620
57.648,-120.866
57.659,-119.600
57.669,-119.467
57.680,-121.829
57.691,-122.266
57.702,-121.078
57.713,-119.673
57.724,-121.022
57.734,-118.472
57.745,-118.144
57.756,-120.734
57.767,-121.978
57.778,-120.928
57.789,-120.745
57.800,-120.039
57.810,-119.473
57.821,-121.413
57.832,-120.853
57.843,-120.955
57.854,-119.684
57.865,-119.585
57.876,-120.552
57.886,-122.301
57.897,-119.506
57.908,-119.430
57.919,-122.093
57.930,-120.994
57.941,-122.529
57.951,-121.049
57.962,-119.875
57.973,-120.010
57.984,-119.713
57.995,-121.952
58.006,-122.034
58.017,-120.781
58.027,-120.869
58.038,-120.941
58.049,-122.110
58.060,-121.123
58.071,-121.816
58.082,-120.214
58.092,-120.343
58.103,-122.827
58.114,-120.878
58.125,-120.487
58.136,-120.309
58.147,-121.965
58.158,-119.580
58.168,-119.390
58.179,-121.538
58.190,-122.412
58.201,-121.702
58.212,-120.092
58.223,-122.699
58.233,-121.443
58.244,-120.775
58.255,-120.657
58.266,-121.309
58.277,-121.900
58.288,-120.821
58.299,-119.842
58.309,-122.007
58.320,-121.330
58.331,-121.944
58.342,-122.223
58.353,-121.311
58.364,-120.599
58.375,-122.052
58.385,-121.807
58.396,-123.007
58.407,-120.442
58.418,-120.816
58.429,-120.657
58.440,-120.784
58.450,-119.453
58.461,-118.729
58.472,-119.181
58.483,-120.953
58.494,-121.414
58.505,-121.758
58.516,-120.812
58.526,-122.002
58.537,-119.504
58.548,-119.554
58.559,-118.869
58.570,-120.236
58.581,-120.576
58.591,-120.987
58.602,-119.398
58.613,-119.678
58.624,-123.233
58.635,-121.418
58.646,-120.068
58.657,-119.239
58.667,-121.033
58.678,-120.643
58.689,-120.556
58.700,-121.060
58.711,-121.246
58.722,-121.661
58.733,-120.295
58.743,-120.174
58.754,-117.762
58.765,-118.529
58.776,-121.250
58.787,-120.574
58.798,-120.657
58.808,-121.273
58.819,-122.082
58.830,-121.533
58.841,-121.492
58.852,-121.875
58.863,-121.944
58.874,-122.433
58.884,-121.946
58.895,-119.354
58.906,-120.627
58.917,-119.763
58.928,-120.385
58.939,-120.659
58.949,-119.458
58.960,-120.244
58.971,-119.719
58.982,-119.473
58.993,-122.221
59.004,-121.884
59.015,-120.854
59.025,-121.368
59.036,-121.070
59.047,-118.959
59.058,-119.215
59.069,-121.960
59.080,-121.360
59.090,-119.585
59.101,-119.633
59.112,-122.673
59.123,-120.219
59.134,-119.253
59.145,-119.959
59.156,-118.787
59.166,-121.094
59.177,-121.808
59.188,-122.039
59.199,-120.739
59.210,-120.140
59.221,-120.069
59.231,-121.428
59.242,-118.053
59.253,-118.508
59.264,-119.167
59.275,-119.009
59.286,-120.679
59.297,-121.801
59.307,-120.991
59.318,-122.027
59.329,-121.016
59.340,-121.641
59.351,-122.736
59.362,-120.462
59.373,-120.155
59.383,-122.153
59.394,-119.956
59.405,-119.840
59.416,-123.896
59.427,-123.007
59.438,-122.666
59.448,-120.688
59.459,-120.385
59.470,-120.873
59.481,-120.075
59.492,-120.561
59.503,-122.086
59.514,-121.165
59.524,-121.706
59.535,-121.624
59.546,-121.111
59.557,-120.780
59.568,-117.848
59.579,-119.028
59.589,-122.494
59.600,-122.369
59.611,-121.806
59.622,-119.987
59.633,-119.989
59.644,-121.343
59.655,-121.394
59.665,-121.626
59.676,-121.162
59.687,-121.628
59.698,-120.636
59.709,-119.876
59.720,-120.416
59.730,-122.328
59.741,-121.656
59.752,-119.937
59.763,-119.892
59.774,-121.327
59.785,-120.073
59.796,-120.880
59.806,-120.483
59.817,-121.275
59.828,-120.756
59.839,-123.088
59.850,-120.254
59.861,-120.066
59.872,-120.373
59.882,-122.550
59.893,-121.970
59.904,-122.380
59.915,-119.543
59.926,-119.388
59.937,-120.488
59.947,-121.415
59.958,-122.099
59.969,-122.027
59.980,-123.383
59.980,-120.715
59.991,-119.816
60.002,-119.978
60.013,-120.480
60.023,-120.948
60.034,-121.626
60.045,-120.142
60.056,-121.177
60.067,-121.008
60.078,-120.508
60.088,-119.956
60.099,-118.974
60.110,-120.761
60.121,-120.499
60.132,-122.191
60.143,-117.707
60.154,-117.636
60.164,-120.832
60.175,-121.317
60.186,-121.912
60.197,-121.693
60.208,-120.631
60.219,-119.071
60.230,-119.379
60.240,-121.487
60.251,-122.668
60.262,-121.145
60.273,-121.239
60.284,-122.505
60.295,-120.447
60.305,-120.967
60.316,-118.818
60.327,-119.601
60.338,-121.207
60.349,-122.846
60.360,-118.949
60.371,-118.831
60.381,-120.905
60.392,-119.640
60.403,-120.125
60.414,-119.242
60.425,-119.291
60.436,-119.591
60.446,-119.350
60.457,-121.465
60.468,-122.739
60.479,-121.251
60.490,-120.554
60.501,-120.963
60.512,-120.836
60.522,-122.014
60.533,-122.435
60.544,-121.019
60.555,-119.751
60.566,-120.898
60.577,-118.903
60.587,-119.825
60.598,-123.000
60.609,-122.454
60.620,-122.456
60.631,-122.384
60.642,-121.228
60.653,-120.246
60.663,-120.236
60.674,-120.883
60.685,-120.977
60.696,-120.462
60.707,-120.250
60.718,-121.167
60.728,-121.396
60.739,-120.809
60.750,-120.761
60.761,-119.041
60.772,-118.850
60.783,-118.528
60.794,-119.290
60.804,-120.701
60.815,-120.641
60.826,-119.913
60.837,-120.269
60.848,-121.259
60.859,-120.651
60.870,-119.018
60.880,-118.955
60.891,-122.291
60.902,-121.560
60.913,-121.654
60.924,-123.084
60.935,-123.422
60.945,-121.322
60.956,-121.838
60.967,-122.580
60.978,-121.856
60.989,-121.675
61.000,-122.540
61.011,-121.891
61.021,-120.490
61.032,-122.220
61.043,-120.963
61.054,-121.033
61.065,-119.915
61.076,-119.857
61.086,-119.970
61.097,-120.020
61.108,-122.571
61.119,-121.705
61.130,-121.158
61.141,-120.701
61.152,-120.298
61.162,-120.419
61.173,-119.831
61.184,-119.827
61.195,-118.454
61.206,-120.010
61.217,-120.089
61.227,-123.004
61.238,-122.242
61.249,-122.268
61.260,-122.287
61.271,-119.695
61.282,-121.059
61.293,-121.621
61.303,-120.311
61.314,-121.238
61.325,-121.581
61.336,-122.445
61.347,-120.543
61.358,-120.503
61.369,-121.188
61.379,-119.537
61.390,-119.311
61.401,-121.607
61.412,-121.584
61.423,-123.902
61.434,-121.237
61.444,-120.963
61.455,-120.679
61.466,-120.410
61.477,-120.160
61.488,-119.381
61.499,-119.782
61.510,-119.341
61.520,-119.080
61.531,-119.227
61.542,-119.955
61.553,-120.255
61.564,-122.128
61.575,-122.122
61.585,-122.503
61.596,-122.233
61.607,-121.454
61.618,-119.949
61.629,-122.242
61.640,-121.857
61.651,-121.683
61.661,-120.697
61.672,-120.760
61.683,-120.993
61.694,-122.509
61.705,-120.314
61.716,-119.702
61.727,-120.485
61.737,-120.876
61.748,-119.327
61.759,-118.962
61.770,-119.545
61.781,-120.831
61.792,-121.305
61.802,-123.189
61.813,-120.541
61.824,-119.544
61.835,-122.040
61.846,-122.078
61.857,-121.888
61.868,-121.573
61.878,-121.555
61.889,-121.927
61.900,-121.020
61.911,-120.187
61.922,-120.625
61.933,-119.325
61.943,-121.043
61.954,-120.536
61.965,-120.146
61.976,-120.404
61.987,-122.740
61.998,-123.624
62.009,-122.171
62.019,-122.424
62.030,-120.207
62.041,-119.753
62.052,-120.811
62.063,-121.000
62.074,-123.596
62.084,-122.598
62.095,-120.479
62.106,-118.536
62.117,-119.962
62.128,-120.323
62.139,-121.771
62.150,-121.193
62.160,-120.273
62.171,-119.451
62.182,-122.353
62.193,-123.215
62.204,-121.660
62.215,-119.746
62.225,-118.814
62.236,-120.637
62.247,-122.627
62.258,-120.904
62.269,-120.853
62.280,-121.404
62.291,-121.358
62.301,-122.041
62.312,-121.177
62.323,-120.837
62.334,-119.218
62.345,-119.235
62.356,-120.402
62.367,-120.875
62.377,-119.924
62.388,-120.019
62.399,-120.064
62.410,-121.560
62.421,-120.686
62.432,-121.115
62.442,-121.230
62.453,-120.147
62.464,-119.845
62.475,-119.149
62.486,-119.113
62.497,-121.180
62.508,-121.102
62.518,-121.404
62.529,-121.343
62.540,-121.180
62.551,-120.928
62.562,-119.647
62.573,-121.079
62.583,-120.376
62.594,-121.181
62.605,-120.679
62.616,-121.060
62.627,-120.979
62.638,-121.216
62.649,-121.487
62.659,-120.855
62.670,-119.318
62.681,-121.663
62.692,-120.988
62.703,-120.824
62.714,-120.519
62.724,-116.906
62.735,-117.294
62.746,-120.535
62.757,-119.817
62.768,-123.022
62.779,-119.123
62.790,-119.061
62.800,-119.560
62.811,-119.694
62.822,-121.191
62.833,-122.334
62.844,-121.902
62.855,-121.059
62.866,-120.395
62.876,-120.806
62.887,-119.974
62.898,-119.231
62.909,-118.939
62.920,-122.460
62.931,-122.157
62.941,-121.122
62.952,-119.876
62.963,-119.043
62.974,-121.452
62.985,-121.047
62.996,-123.788
63.007,-120.910
63.017,-123.033
63.028,-119.391
63.039,-118.988
63.050,-120.948
63.061,-122.275
63.072,-122.134
63.082,-121.522
63.093,-120.320
63.104,-119.876
63.115,-121.369
63.126,-120.897
63.137,-119.464
63.148,-119.697
63.158,-119.510
63.169,-119.116
63.180,-121.327
63.191,-120.268
63.202,-120.160
63.213,-120.077
63.224,-120.372
63.234,-119.654
63.245,-119.989
63.256,-120.643
63.267,-122.072
63.278,-121.941
63.289,-118.978
63.299,-118.314
63.310,-116.764
63.321,-121.763
63.332,-123.349
63.343,-122.328
63.354,-120.163
63.365,-118.970
63.375,-123.172
63.386,-122.869
63.397,-121.410
63.408,-121.265
63.419,-123.133
63.430,-120.655
63.440,-120.332
63.451,-122.251
63.462,-121.218
63.473,-120.926
63.484,-121.475
63.495,-121.695
63.506,-120.313
63.516,-121.978
63.527,-120.965
63.538,-120.201
63.549,-120.379
63.560,-121.982
63.571,-122.100
63.581,-121.794
63.592,-118.788
63.603,-120.042
63.614,-120.429
63.625,-120.478
63.636,-120.787
63.647,-122.412
63.657,-121.955
63.668,-122.893
63.679,-120.714
63.690,-120.661
63.701,-120.733
63.712,-123.720
63.722,-121.917
63.733,-121.626
63.744,-119.494
63.755,-120.356
63.766,-121.710
63.777,-123.042
63.788,-121.414
63.798,-120.503
63.809,-120.606
63.820,-120.855
63.831,-120.977
63.842,-121.841
63.853,-121.141
63.864,-119.624
63.874,-121.075
63.885,-120.624
63.896,-120.650
63.907,-120.363
63.918,-122.033
63.929,-122.644
63.939,-121.485
63.950,-119.104
63.961,-121.050
63.972,-122.963
63.983,-122.174
63.994,-120.178
64.005,-121.376
64.015,-121.973
64.026,-124.445
64.037,-120.840
64.048,-120.837
64.059,-120.585
64.070,-121.692
64.080,-118.553
64.091,-120.803
64.102,-120.882
64.113,-121.717
64.124,-121.824
64.135,-121.606
64.146,-118.689
64.156,-118.803
64.167,-118.763
64.178,-119.443
64.189,-124.358
64.200,-122.940
64.211,-121.112
64.222,-120.199
64.232,-120.802
64.243,-121.292
64.254,-122.220
64.265,-123.455
64.276,-122.535
64.287,-122.286
64.297,-121.578
64.308,-121.033
64.319,-121.699
64.330,-118.734
64.341,-118.547
64.352,-119.377
64.363,-121.977
64.373,-122.540
64.384,-121.633
64.395,-123.369
64.406,-123.266
64.417,-121.246
64.428,-120.540
64.438,-120.611
64.449,-120.311
64.460,-119.978
64.471,-120.763
64.482,-122.903
64.493,-122.665
64.504,-122.574
64.514,-121.595
64.525,-121.249
64.536,-120.914
64.547,-121.809
64.558,-120.294
64.569,-121.343
64.579,-122.439
64.590,-120.944
64.601,-119.671
64.612,-121.888
64.623,-120.993
64.634,-119.491
64.645,-120.227
64.655,-121.383
64.666,-121.259
64.677,-119.821
64.688,-120.709
64.699,-121.022
64.710,-121.305
64.721,-121.024
64.731,-121.075
64.742,-120.320
64.753,-119.619
64.764,-119.456
64.775,-119.767
64.786,-118.543
64.796,-119.223
64.807,-121.114
64.818,-121.261
64.829,-122.448
64.840,-119.946
64.851,-119.793
64.862,-120.302
64.872,-120.431
64.883,-120.216
64.894,-120.145
64.905,-122.272
64.916,-122.832
64.927,-122.997
64.937,-120.867
64.948,-122.309
64.959,-122.832
64.970,-120.072
64.970,-121.300
64.981,-121.347
64.992,-119.311
65.003,-119.373
65.013,-120.298
65.024,-122.783
65.035,-122.352
65.046,-121.869
65.057,-121.204
65.068,-120.445
65.078,-120.636
65.089,-120.978
65.100,-120.482
65.111,-118.902
65.122,-118.499
65.133,-119.563
65.144,-118.636
65.154,-120.272
65.165,-120.924
65.176,-122.725
65.187,-120.874
65.198,-120.991
65.209,-122.763
65.219,-122.365
65.230,-122.237
65.241,-121.422
65.252,-121.381
65.263,-121.926
65.274,-122.835
65.285,-122.717
65.295,-121.213
65.306,-121.647
65.317,-122.069
65.328,-122.591
65.339,-121.438
65.350,-121.329
65.361,-121.216
65.371,-120.344
65.382,-120.397
65.393,-120.999
65.404,-121.940
65.415,-120.307
65.426,-119.210
65.436,-119.681
65.447,-120.892
65.458,-120.960
65.469,-120.710
65.480,-119.337
65.491,-119.420
65.502,-122.055
65.512,-121.308
65.523,-121.496
65.534,-122.488
65.545,-120.771
65.556,-118.812
65.567,-118.853
65.577,-121.448
65.588,-119.963
65.599,-120.115
65.610,-121.227
65.621,-119.295
65.632,-119.900
65.643,-119.543
65.653,-119.648
65.664,-120.758
65.675,-119.063
65.686,-119.217
65.697,-121.774
65.708,-123.958
65.719,-124.511
65.729,-122.772
65.740,-119.288
65.751,-120.737
65.762,-121.474
65.773,-119.779
65.784,-119.358
65.794,-119.712
65.805,-118.799
65.816,-119.103
65.827,-119.660
65.838,-119.682
65.849,-119.351
65.860,-121.897
65.870,-121.006
65.881,-122.821
65.892,-119.946
65.903,-119.953
65.914,-119.334
65.925,-119.517
65.935,-122.074
65.946,-120.724
65.957,-120.502
65.968,-121.284
65.979,-117.733
65.990,-117.373
66.001,-121.466
66.011,-120.300
66.022,-119.684
66.033,-119.515
66.044,-120.002
66.055,-121.225
66.066,-120.410
66.076,-120.589
66.087,-122.658
66.098,-121.173
66.109,-121.280
66.120,-118.657
66.131,-118.751
66.142,-121.736
66.152,-120.276
66.163,-118.775
66.174,-120.541
66.185,-119.244
66.196,-119.075
66.207,-120.233
66.218,-121.050
66.228,-119.580
66.239,-120.045
66.250,-119.834
66.261,-119.877
66.272,-120.284
66.283,-123.080
66.293,-117.057
66.304,-117.417
66.315,-118.965
66.326,-120.023
66.337,-121.542
66.348,-121.483
66.359,-122.552
66.369,-120.536
66.380,-119.602
66.391,-122.527
66.402,-124.033
66.413,-121.200
66.424,-119.934
66.434,-119.404
66.445,-119.385
66.456,-119.772
66.467,-120.148
66.478,-121.124
66.489,-121.386
66.500,-118.999
66.510,-119.087
66.521,-120.980
66.532,-121.442
66.543,-121.184
66.554,-122.592
66.565,-120.394
66.575,-119.922
66.586,-120.391
66.597,-121.380
66.608,-121.188
66.619,-120.259
66.630,-119.387
66.641,-121.003
66.651,-122.451
66.662,-123.327
66.673,-123.667
66.684,-121.176
66.695,-122.434
66.706,-120.643
66.716,-120.576
66.727,-120.901
66.738,-119.978
66.749,-120.425
66.760,-123.071
66.771,-120.202
66.782,-120.313
66.792,-120.688
66.803,-122.314
66.814,-120.370
66.825,-118.462
66.836,-119.674
66.847,-120.356
66.858,-119.958
66.868,-121.470
66.879,-121.637
66.890,-121.731
66.901,-120.392
66.912,-121.254
66.923,-119.742
66.933,-119.312
66.944,-121.290
66.955,-121.717
66.966,-123.683
66.977,-122.801
66.988,-119.924
66.999,-119.680
67.009,-121.316
67.020,-119.983
67.031,-120.667
67.042,-120.713
67.053,-120.382
67.064,-120.697
67.074,-121.220
67.085,-119.727
67.096,-118.591
67.107,-119.099
67.118,-121.112
67.129,-122.570
67.140,-122.466
67.150,-121.907
67.161,-121.876
67.172,-122.168
67.183,-122.093
67.194,-122.707
67.205,-122.530
67.216,-120.899
67.226,-121.331
67.237,-119.068
67.248,-119.066
67.259,-119.856
67.270,-121.178
67.281,-123.153
67.291,-120.214
67.302,-120.514
67.313,-120.674
67.324,-120.352
67.335,-121.435
67.346,-119.092
67.357,-119.224
67.367,-122.049
67.378,-122.133
67.389,-122.135
67.400,-120.061
67.411,-120.362
67.422,-120.417
67.432,-120.652
67.443,-120.402
67.454,-121.475
67.465,-119.924
67.476,-119.790
67.487,-121.631
67.498,-122.356
67.508,-121.527
67.519,-120.680
67.530,-120.995
67.541,-121.289
67.552,-118.440
67.563,-117.659
67.573,-118.892
67.584,-120.324
67.595,-122.002
67.606,-121.340
67.617,-121.254
67.628,-121.210
67.639,-121.332
67.649,-119.933
67.660,-119.817
67.671,-119.872
67.682,-119.889
67.693,-122.893
67.704,-119.980
67.715,-119.228
67.725,-120.478
67.736,-122.926
67.747,-121.668
67.758,-120.617
67.769,-121.665
67.780,-121.685
67.790,-119.668
67.801,-119.747
67.812,-119.919
67.823,-120.372
67.834,-120.379
67.845,-119.847
67.856,-119.221
67.866,-120.720
67.877,-121.681
67.888,-121.745
67.899,-120.786
67.910,-119.744
67.921,-120.873
67.931,-120.964
67.942,-120.164
67.953,-121.279
67.964,-119.558
67.975,-120.258
67.986,-121.628
67.997,-119.715
68.007,-118.811
68.018,-120.066
68.029,-121.207
68.040,-122.246
68.051,-119.668
68.062,-119.877
68.072,-120.152
68.083,-120.315
68.094,-121.385
68.105,-121.376
68.116,-121.797
68.127,-122.173
68.138,-119.555
68.148,-119.822
68.159,-118.952
68.170,-118.746
68.181,-119.232
68.192,-120.542
68.203,-122.423
68.213,-121.985
68.224,-121.413
68.235,-122.400
68.246,-121.277
68.257,-121.274
68.268,-119.785
68.279,-121.020
68.289,-122.118
68.300,-124.251
68.311,-121.127
68.322,-119.513
68.333,-119.035
68.344,-119.479
68.355,-122.384
68.365,-122.322
68.376,-120.825
68.387,-121.263
68.398,-122.421
68.409,-121.201
68.420,-121.303
68.430,-121.769
68.441,-122.757
68.452,-120.560
68.463,-120.950
68.474,-120.326
68.485,-122.139
68.496,-121.117
68.506,-121.627
68.517,-122.649
68.528,-121.464
68.539,-122.372
68.550,-121.726
68.561,-121.683
68.571,-120.766
68.582,-122.543
68.593,-121.459
68.604,-123.152
68.615,-123.216
68.626,-119.490
68.637,-119.691
68.647,-120.156
68.658,-120.641
68.669,-121.139
68.680,-121.086
68.691,-121.364
68.702,-120.393
68.713,-119.329
68.723,-121.615
68.734,-123.392
68.745,-122.828
68.756,-122.324
68.767,-120.793
68.778,-120.889
68.788,-121.755
68.799,-120.449
68.810,-119.988
68.821,-119.402
68.832,-121.123
68.843,-121.253
68.854,-122.910
68.864,-120.178
68.875,-120.192
68.886,-120.606
68.897,-120.552
68.908,-120.470
68.919,-121.401
68.929,-121.281
68.940,-121.693
68.951,-117.293
68.962,-118.248
68.973,-120.054
68.984,-119.782
68.995,-119.829
69.005,-120.754
69.016,-120.989
69.027,-119.932
69.038,-121.902
69.049,-118.847
69.060,-118.888
69.070,-123.011
69.081,-121.502
69.092,-121.525
69.103,-121.786
69.114,-120.604
69.125,-118.829
69.136,-119.008
69.146,-120.902
69.157,-120.980
69.168,-120.992
69.179,-121.161
69.190,-122.315
69.201,-122.352
69.212,-122.535
69.222,-121.665
69.233,-121.336
69.244,-120.018
69.255,-120.353
69.266,-121.191
69.277,-122.904
69.287,-121.810
69.298,-118.648
69.309,-118.110
69.320,-120.236
69.331,-120.688
69.342,-120.788
69.353,-121.326
69.363,-121.785
69.374,-120.109
69.385,-119.530
69.396,-121.333
69.407,-120.872
69.418,-121.179
69.428,-120.500
69.439,-120.963
69.450,-120.179
69.461,-120.158
69.472,-120.560
69.483,-122.445
69.494,-122.234
69.504,-122.320
69.515,-122.163
69.526,-120.629
69.537,-121.147
69.548,-120.042
69.559,-119.048
69.569,-119.474
69.580,-123.613
69.591,-121.853
69.602,-121.925
69.613,-121.792
69.624,-121.293
69.635,-121.303
69.645,-122.008
69.656,-119.189
69.667,-119.965
69.678,-123.542
69.689,-121.470
69.700,-119.859
69.710,-118.426
69.721,-119.554
69.732,-119.749
69.743,-119.613
69.754,-120.454
69.765,-118.458
69.776,-118.240
69.786,-122.558
69.797,-121.869
69.808,-121.308
69.819,-120.036
69.830,-120.712
69.841,-120.788
69.852,-118.901
69.862,-119.461
69.873,-122.172
69.884,-122.358
69.895,-119.576
69.906,-119.571
69.917,-121.553
69.927,-123.516
69.938,-122.057
69.949,-121.013
69.960,-119.429
