Frequency_MHz,Power_dBm
400.000,-74.180
400.217,-83.118
400.435,-90.527
400.652,-92.875
400.870,-85.831
401.087,-85.023
401.304,-81.848
401.522,-80.153
401.739,-81.544
401.957,-84.164
402.174,-80.319
402.391,-82.453
402.609,-82.159
402.826,-81.004
403.043,-79.605
403.261,-85.960
403.478,-87.851
403.696,-86.404
403.913,-86.217
404.130,-82.279
404.348,-83.243
404.565,-89.328
404.783,-87.397
405.000,-90.476
405.217,-90.060
405.435,-86.606
405.652,-76.447
405.870,-87.732
406.087,-86.154
406.304,-90.924
406.522,-91.670
406.739,-91.570
406.957,-82.491
407.174,-86.284
407.391,-87.373
407.609,-87.443
407.826,-86.525
408.043,-86.005
408.261,-83.866
408.478,-83.817
408.696,-86.216
408.913,-86.102
409.130,-84.312
409.348,-89.364
409.565,-88.471
409.783,-87.866
410.000,-85.112
410.217,-87.278
410.435,-77.486
410.652,-72.085
410.870,-83.194
411.087,-88.892
411.304,-79.315
411.522,-89.189
411.739,-83.134
411.957,-86.881
412.174,-87.042
412.391,-87.586
412.609,-89.133
412.826,-86.761
413.043,-87.913
413.261,-89.354
413.478,-92.253
413.696,-87.578
413.913,-89.438
414.130,-88.117
414.348,-84.464
414.565,-86.717
414.783,-92.742
415.000,-90.336
415.217,-90.258
415.435,-89.908
415.652,-86.781
415.870,-85.283
416.087,-85.969
416.304,-90.434
416.522,-89.850
416.739,-90.562
416.957,-84.806
417.174,-91.158
417.391,-84.082
417.609,-88.688
417.826,-91.243
418.043,-95.953
418.261,-89.106
418.478,-91.266
418.696,-90.946
418.913,-92.414
419.130,-89.490
419.348,-93.582
419.565,-89.815
419.783,-89.867
420.000,-84.439
420.217,-91.037
420.435,-94.724
420.652,-92.154
420.870,-92.065
421.087,-91.393
421.304,-76.774
421.522,-86.692
421.739,-93.458
421.957,-91.290
422.174,-89.233
422.391,-92.450
422.609,-83.473
422.826,-90.511
423.043,-83.467
423.261,-91.813
423.478,-90.141
423.696,-86.351
423.913,-92.002
424.130,-93.585
424.348,-92.677
424.565,-90.167
424.783,-90.721
425.000,-90.133
425.217,-91.382
425.435,-90.464
425.652,-90.015
425.870,-88.266
426.087,-90.544
426.304,-89.580
426.522,-93.264
426.739,-92.311
426.957,-92.468
427.174,-90.773
427.391,-91.175
427.609,-93.372
427.826,-90.401
428.043,-93.260
428.261,-87.559
428.478,-89.749
428.696,-79.143
428.913,-89.924
429.130,-91.533
429.348,-93.298
429.565,-92.567
429.783,-95.286
430.000,-90.037
430.217,-91.284
430.435,-89.802
430.652,-91.552
430.870,-90.225
431.087,-86.859
431.304,-86.114
431.522,-86.041
431.739,-90.458
431.957,-89.731
432.174,-91.053
432.391,-93.342
432.609,-95.588
432.826,-93.299
433.043,-93.501
433.261,-93.686
433.478,-91.498
433.696,-93.458
433.913,-91.243
434.130,-93.745
434.348,-79.407
434.565,-93.991
434.783,-93.005
435.000,-95.565
435.217,-93.116
435.435,-97.686
435.652,-91.858
435.870,-92.598
436.087,-91.948
436.304,-92.987
436.522,-93.035
436.739,-90.507
436.957,-91.660
437.174,-84.797
437.391,-88.828
437.609,-95.662
437.826,-93.433
438.043,-91.379
438.261,-91.758
438.478,-89.673
438.696,-88.224
438.913,-94.492
439.130,-93.283
439.348,-92.033
439.565,-91.241
439.783,-89.520
440.000,-77.928
440.217,-90.144
440.435,-89.763
440.652,-93.483
440.870,-92.247
441.087,-91.170
441.304,-92.560
441.522,-90.100
441.739,-94.880
441.957,-90.359
442.174,-93.510
442.391,-89.804
442.609,-90.696
442.826,-87.837
443.043,-89.915
443.261,-87.870
443.478,-91.639
443.696,-93.215
443.913,-87.059
444.130,-82.176
444.348,-87.762
444.565,-85.590
444.783,-86.703
445.000,-86.283
445.217,-89.008
445.435,-64.462
445.652,-75.634
445.870,-82.658
446.087,-82.162
446.304,-85.064
446.522,-87.807
446.739,-89.506
446.957,-85.124
447.174,-88.432
447.391,-90.061
447.609,-89.691
447.826,-90.879
448.043,-92.455
448.261,-91.189
448.478,-84.139
448.696,-89.410
448.913,-87.907
449.130,-88.289
449.348,-91.317
449.565,-91.461
449.783,-91.551
450.000,-89.273
450.217,-93.371
450.435,-94.000
450.652,-92.601
450.870,-89.547
451.087,-90.217
451.304,-85.367
451.522,-93.690
451.739,-92.216
451.957,-93.983
452.174,-92.720
452.391,-93.430
452.609,-95.329
452.826,-90.817
453.043,-88.387
453.261,-89.562
453.478,-90.974
453.696,-89.553
453.913,-87.858
454.130,-88.130
454.348,-87.425
454.565,-91.201
454.783,-91.918
455.000,-91.139
455.217,-88.529
455.435,-88.776
455.652,-90.312
455.870,-88.586
456.087,-88.383
456.304,-93.564
456.522,-93.398
456.739,-92.495
456.957,-85.220
457.174,-94.326
457.391,-87.658
457.609,-93.442
457.826,-91.815
458.043,-94.893
458.261,-88.735
458.478,-92.844
458.696,-89.076
458.913,-90.175
459.130,-90.208
459.348,-90.441
459.565,-92.718
459.783,-88.729
460.000,-92.288
460.217,-93.631
460.435,-90.593
460.652,-94.917
460.870,-93.640
461.087,-91.918
461.304,-91.328
461.522,-86.289
461.739,-85.800
461.957,-82.217
462.174,-85.010
462.391,-87.638
462.609,-91.326
462.826,-92.185
463.043,-89.479
463.261,-93.551
463.478,-95.776
463.696,-91.789
463.913,-95.850
464.130,-94.943
464.348,-96.579
464.565,-93.124
464.783,-97.541
465.000,-94.419
465.217,-96.329
465.435,-94.137
465.652,-96.077
465.870,-95.866
466.087,-94.961
466.304,-94.162
466.522,-97.088
466.739,-94.106
466.957,-85.838
467.174,-93.652
467.391,-90.300
467.609,-92.659
467.826,-95.353
468.043,-95.746
468.261,-92.896
468.478,-93.516
468.696,-92.558
468.913,-95.759
469.130,-95.969
469.348,-94.550
469.565,-97.424
469.783,-96.055
470.000,-92.111
470.217,-96.258
470.435,-95.449
470.652,-95.728
470.870,-94.228
471.087,-96.123
471.304,-94.990
471.522,-96.536
471.739,-95.106
471.957,-94.604
472.174,-93.536
472.391,-96.105
472.609,-95.340
472.826,-92.755
473.043,-97.853
473.261,-96.276
473.478,-98.724
473.696,-94.938
473.913,-95.360
474.130,-96.593
474.348,-91.571
474.565,-96.282
474.783,-97.220
475.000,-98.593
475.217,-99.077
475.435,-97.695
475.652,-98.201
475.870,-99.021
476.087,-97.122
476.304,-100.213
476.522,-98.301
476.739,-96.458
476.957,-97.715
477.174,-96.590
477.391,-95.866
477.609,-90.731
477.826,-95.803
478.043,-96.833
478.261,-96.126
478.478,-99.679
478.696,-99.723
478.913,-100.270
479.130,-93.942
479.348,-93.640
479.565,-97.801
479.783,-97.780
480.000,-79.923
480.217,-96.165
480.435,-98.142
480.652,-100.909
480.870,-98.329
481.087,-99.067
481.304,-99.111
481.522,-96.659
481.739,-98.691
481.957,-95.950
482.174,-95.607
482.391,-99.863
482.609,-97.637
482.826,-91.672
483.043,-97.866
483.261,-94.870
483.478,-98.573
483.696,-99.301
483.913,-95.751
484.130,-96.348
484.348,-99.793
484.565,-101.223
484.783,-98.653
485.000,-97.535
485.217,-98.178
485.435,-91.719
485.652,-86.107
485.870,-93.957
486.087,-93.440
486.304,-98.393
486.522,-97.701
486.739,-98.428
486.957,-94.643
487.174,-96.866
487.391,-94.698
487.609,-96.695
487.826,-93.986
488.043,-93.163
488.261,-92.841
488.478,-89.126
488.696,-91.791
488.913,-97.333
489.130,-97.298
489.348,-97.518
489.565,-93.519
489.783,-92.494
490.000,-91.580
490.217,-94.016
490.435,-95.495
490.652,-96.046
490.870,-94.877
491.087,-92.004
491.304,-82.142
491.522,-92.017
491.739,-89.602
491.957,-94.796
492.174,-93.515
492.391,-93.939
492.609,-95.107
492.826,-89.550
493.043,-91.265
493.261,-89.878
493.478,-91.309
493.696,-97.793
493.913,-91.466
494.130,-88.455
494.348,-92.482
494.565,-90.364
494.783,-94.516
495.000,-91.708
495.217,-92.360
495.435,-91.093
495.652,-94.391
495.870,-93.758
496.087,-87.874
496.304,-95.013
496.522,-93.838
496.739,-93.342
496.957,-88.704
497.174,-93.769
497.391,-87.846
497.609,-92.267
497.826,-94.341
498.043,-93.011
498.261,-92.837
498.478,-91.416
498.696,-96.634
498.913,-94.773
499.130,-94.764
499.348,-92.892
499.565,-94.016
499.783,-90.976
500.000,-92.766
500.000,-89.056
500.217,-91.857
500.435,-92.576
500.652,-90.775
500.870,-95.178
501.087,-95.337
501.304,-93.032
501.522,-92.841
501.739,-92.967
501.957,-92.470
502.174,-90.516
502.391,-91.613
502.609,-87.744
502.826,-96.357
503.043,-86.264
503.261,-96.760
503.478,-92.924
503.696,-91.239
503.913,-91.799
504.130,-95.083
504.348,-97.210
504.565,-95.685
504.783,-93.251
505.000,-94.991
505.217,-97.128
505.435,-93.789
505.652,-93.455
505.870,-93.603
506.087,-93.813
506.304,-95.805
506.522,-97.373
506.739,-97.317
506.957,-97.321
507.174,-97.660
507.391,-96.802
507.609,-95.217
507.826,-96.489
508.043,-93.574
508.261,-91.856
508.478,-95.519
508.696,-83.829
508.913,-94.729
509.130,-95.356
509.348,-96.348
509.565,-98.625
509.783,-94.840
510.000,-91.929
510.217,-93.675
510.435,-94.188
510.652,-96.681
510.870,-97.275
511.087,-95.862
511.304,-93.460
511.522,-91.497
511.739,-95.748
511.957,-93.751
512.174,-96.270
512.391,-96.324
512.609,-97.753
512.826,-98.009
513.043,-88.218
513.261,-83.439
513.478,-89.093
513.696,-94.684
513.913,-92.291
514.130,-97.522
514.348,-91.675
514.565,-95.721
514.783,-97.220
515.000,-97.834
515.217,-101.731
515.435,-97.107
515.652,-96.679
515.870,-95.766
516.087,-84.878
516.304,-96.809
516.522,-98.354
516.739,-100.488
516.957,-97.276
517.174,-97.333
517.391,-99.323
517.609,-94.544
517.826,-96.473
518.043,-95.404
518.261,-92.142
518.478,-93.622
518.696,-91.103
518.913,-90.406
519.130,-89.189
519.348,-86.489
519.565,-68.390
519.783,-66.300
520.000,-85.123
520.217,-85.299
520.435,-87.596
520.652,-94.591
520.870,-94.451
521.087,-93.349
521.304,-94.031
521.522,-96.085
521.739,-96.111
521.957,-95.188
522.174,-96.004
522.391,-95.846
522.609,-94.056
522.826,-95.212
523.043,-89.747
523.261,-91.209
523.478,-77.910
523.696,-80.175
523.913,-90.013
524.130,-92.683
524.348,-93.236
524.565,-95.068
524.783,-97.494
525.000,-95.250
525.217,-92.820
525.435,-94.708
525.652,-93.703
525.870,-95.919
526.087,-95.869
526.304,-96.841
526.522,-96.684
526.739,-94.215
526.957,-95.399
527.174,-100.655
527.391,-97.016
527.609,-96.105
527.826,-92.815
528.043,-93.518
528.261,-92.070
528.478,-86.325
528.696,-95.233
528.913,-92.259
529.130,-96.806
529.348,-93.522
529.565,-94.947
529.783,-100.639
530.000,-94.581
530.217,-96.854
530.435,-94.645
530.652,-97.868
530.870,-96.391
531.087,-94.613
531.304,-94.950
531.522,-97.128
531.739,-98.207
531.957,-97.787
532.174,-98.669
532.391,-98.588
532.609,-95.219
532.826,-92.951
533.043,-96.515
533.261,-94.023
533.478,-95.217
533.696,-96.540
533.913,-96.502
534.130,-96.815
534.348,-94.200
534.565,-97.287
534.783,-96.585
535.000,-96.122
535.217,-97.456
535.435,-98.800
535.652,-98.262
535.870,-96.597
536.087,-102.833
536.304,-98.886
536.522,-101.169
536.739,-97.916
536.957,-96.585
537.174,-99.855
537.391,-95.360
537.609,-96.238
537.826,-97.231
538.043,-96.884
538.261,-98.646
538.478,-101.462
538.696,-103.095
538.913,-71.733
539.130,-94.316
539.348,-101.607
539.565,-98.157
539.783,-98.160
540.000,-96.064
540.217,-88.399
540.435,-98.135
540.652,-87.118
540.870,-96.730
541.087,-99.550
541.304,-100.276
541.522,-99.144
541.739,-101.909
541.957,-100.457
542.174,-101.368
542.391,-100.801
542.609,-96.387
542.826,-99.703
543.043,-98.490
543.261,-98.178
543.478,-100.161
543.696,-99.952
543.913,-101.783
544.130,-101.918
544.348,-103.075
544.565,-96.935
544.783,-102.224
545.000,-100.001
545.217,-101.760
545.435,-100.329
545.652,-100.356
545.870,-98.884
546.087,-98.930
546.304,-102.434
546.522,-101.017
546.739,-99.364
546.957,-99.642
547.174,-98.871
547.391,-89.769
547.609,-76.723
547.826,-91.411
548.043,-102.327
548.261,-102.586
548.478,-101.931
548.696,-95.724
548.913,-99.858
549.130,-101.213
549.348,-98.705
549.565,-91.956
549.783,-93.662
550.000,-98.385
550.217,-95.712
550.435,-93.457
550.652,-100.245
550.870,-101.805
551.087,-100.942
551.304,-99.641
551.522,-97.202
551.739,-97.685
551.957,-100.562
552.174,-96.227
552.391,-99.712
552.609,-93.988
552.826,-97.941
553.043,-97.773
553.261,-94.507
553.478,-97.908
553.696,-95.565
553.913,-91.986
554.130,-85.218
554.348,-77.367
554.565,-89.974
554.783,-96.923
555.000,-101.605
555.217,-94.452
555.435,-98.832
555.652,-97.262
555.870,-101.088
556.087,-100.590
556.304,-101.186
556.522,-99.382
556.739,-101.597
556.957,-99.825
557.174,-95.155
557.391,-99.830
557.609,-100.467
557.826,-102.561
558.043,-102.722
558.261,-103.028
558.478,-101.002
558.696,-102.194
558.913,-106.040
559.130,-101.353
559.348,-105.775
559.565,-101.991
559.783,-99.600
560.000,-89.391
560.217,-100.328
560.435,-102.210
560.652,-102.603
560.870,-102.231
561.087,-103.231
561.304,-99.651
561.522,-101.844
561.739,-96.865
561.957,-96.719
562.174,-99.539
562.391,-98.269
562.609,-97.609
562.826,-99.258
563.043,-101.115
563.261,-102.970
563.478,-100.903
563.696,-97.165
563.913,-99.868
564.130,-96.129
564.348,-90.980
564.565,-84.464
564.783,-91.398
565.000,-96.083
565.217,-97.747
565.435,-98.133
565.652,-91.743
565.870,-95.491
566.087,-99.213
566.304,-95.654
566.522,-101.534
566.739,-98.140
566.957,-102.189
567.174,-96.372
567.391,-102.343
567.609,-100.539
567.826,-97.125
568.043,-99.772
568.261,-97.760
568.478,-95.177
568.696,-101.422
568.913,-100.884
569.130,-97.127
569.348,-102.633
569.565,-99.279
569.783,-95.582
570.000,-99.539
570.217,-99.806
570.435,-100.743
570.652,-100.580
570.870,-96.084
571.087,-96.007
571.304,-92.624
571.522,-98.295
571.739,-95.971
571.957,-96.520
572.174,-96.845
572.391,-100.160
572.609,-96.045
572.826,-98.726
573.043,-102.112
573.261,-99.474
573.478,-97.361
573.696,-101.240
573.913,-99.573
574.130,-98.173
574.348,-96.394
574.565,-98.808
574.783,-100.980
575.000,-98.798
575.217,-97.181
575.435,-99.459
575.652,-97.254
575.870,-99.779
576.087,-98.531
576.304,-101.089
576.522,-102.014
576.739,-99.667
576.957,-93.935
577.174,-98.937
577.391,-96.121
577.609,-90.588
577.826,-95.161
578.043,-99.246
578.261,-99.694
578.478,-94.927
578.696,-99.292
578.913,-97.798
579.130,-99.809
579.348,-97.311
579.565,-95.977
579.783,-98.957
580.000,-92.922
580.217,-97.493
580.435,-98.999
580.652,-99.361
580.870,-97.666
581.087,-99.363
581.304,-101.257
581.522,-97.028
581.739,-97.352
581.957,-97.644
582.174,-94.806
582.391,-101.010
582.609,-98.752
582.826,-95.635
583.043,-97.381
583.261,-96.568
583.478,-97.918
583.696,-98.864
583.913,-99.777
584.130,-96.345
584.348,-97.125
584.565,-100.764
584.783,-96.370
585.000,-92.651
585.217,-95.905
585.435,-96.629
585.652,-96.974
585.870,-96.826
586.087,-98.484
586.304,-99.899
586.522,-103.150
586.739,-99.185
586.957,-100.607
587.174,-101.525
587.391,-102.150
587.609,-101.243
587.826,-98.747
588.043,-102.922
588.261,-99.016
588.478,-101.731
588.696,-100.117
588.913,-105.406
589.130,-103.700
589.348,-102.487
589.565,-99.447
589.783,-93.680
590.000,-95.189
590.217,-100.721
590.435,-101.396
590.652,-100.001
590.870,-100.692
591.087,-103.338
591.304,-100.886
591.522,-99.987
591.739,-105.081
591.957,-100.059
592.174,-103.634
592.391,-101.506
592.609,-99.357
592.826,-100.429
593.043,-101.286
593.261,-97.709
593.478,-100.333
593.696,-94.236
593.913,-84.169
594.130,-86.897
594.348,-96.651
594.565,-101.685
594.783,-100.775
595.000,-98.357
595.217,-98.890
595.435,-98.941
595.652,-97.506
595.870,-100.358
596.087,-100.086
596.304,-93.141
596.522,-91.744
596.739,-94.536
596.957,-92.626
597.174,-97.543
597.391,-101.754
597.609,-101.507
597.826,-96.487
598.043,-98.218
598.261,-98.962
598.478,-103.293
598.696,-104.780
598.913,-105.527
599.130,-105.916
599.348,-100.436
599.565,-101.990
599.783,-99.952
600.000,-90.618
600.000,-93.034
600.217,-102.949
600.435,-104.338
600.652,-106.162
600.870,-105.815
601.087,-105.402
601.304,-105.641
601.522,-105.989
601.739,-97.304
601.957,-98.309
602.174,-93.431
602.391,-101.546
602.609,-103.136
602.826,-103.800
603.043,-103.247
603.261,-104.055
603.478,-102.383
603.696,-103.669
603.913,-103.873
604.130,-101.055
604.348,-103.989
604.565,-96.411
604.783,-98.987
605.000,-98.757
605.217,-98.029
605.435,-98.038
605.652,-97.468
605.870,-97.851
606.087,-100.232
606.304,-97.716
606.522,-97.376
606.739,-98.857
606.957,-99.641
607.174,-101.045
607.391,-96.328
607.609,-100.935
607.826,-98.455
608.043,-101.935
608.261,-100.820
608.478,-100.096
608.696,-97.244
608.913,-98.781
609.130,-102.767
609.348,-98.497
609.565,-100.540
609.783,-95.661
610.000,-99.058
610.217,-101.230
610.435,-102.199
610.652,-101.264
610.870,-100.901
611.087,-101.361
611.304,-91.891
611.522,-98.970
611.739,-98.973
611.957,-101.767
612.174,-101.868
612.391,-101.540
612.609,-96.694
612.826,-97.526
613.043,-95.092
613.261,-96.617
613.478,-95.143
613.696,-94.311
613.913,-99.507
614.130,-93.431
614.348,-91.952
614.565,-90.608
614.783,-97.488
615.000,-96.195
615.217,-90.666
615.435,-87.073
615.652,-80.632
615.870,-70.546
616.087,-72.493
616.304,-80.695
616.522,-79.263
616.739,-86.885
616.957,-90.316
617.174,-90.711
617.391,-90.469
617.609,-89.461
617.826,-95.735
618.043,-93.710
618.261,-92.602
618.478,-93.318
618.696,-94.148
618.913,-96.344
619.130,-94.530
619.348,-94.065
619.565,-99.503
619.783,-97.531
620.000,-94.580
620.217,-93.401
620.435,-95.461
620.652,-97.407
620.870,-100.202
621.087,-98.832
621.304,-94.136
621.522,-94.753
621.739,-96.937
621.957,-97.594
622.174,-96.152
622.391,-97.304
622.609,-94.644
622.826,-95.805
623.043,-91.253
623.261,-97.868
623.478,-96.141
623.696,-97.386
623.913,-95.868
624.130,-94.233
624.348,-95.435
624.565,-97.194
624.783,-96.346
625.000,-96.575
625.217,-95.260
625.435,-95.100
625.652,-97.126
625.870,-99.175
626.087,-98.538
626.304,-96.132
626.522,-97.702
626.739,-92.633
626.957,-100.785
627.174,-95.818
627.391,-95.516
627.609,-97.759
627.826,-100.063
628.043,-97.258
628.261,-96.689
628.478,-99.035
628.696,-94.063
628.913,-96.211
629.130,-99.605
629.348,-95.916
629.565,-99.623
629.783,-96.073
630.000,-96.725
630.217,-98.045
630.435,-101.590
630.652,-99.766
630.870,-98.713
631.087,-99.392
631.304,-97.885
631.522,-98.172
631.739,-100.134
631.957,-97.890
632.174,-103.016
632.391,-100.572
632.609,-102.185
632.826,-99.994
633.043,-99.287
633.261,-101.578
633.478,-101.134
633.696,-102.582
633.913,-99.735
634.130,-100.742
634.348,-94.035
634.565,-102.509
634.783,-101.982
635.000,-101.778
635.217,-97.289
635.435,-101.981
635.652,-102.865
635.870,-101.215
636.087,-101.948
636.304,-102.136
636.522,-106.145
636.739,-103.171
636.957,-101.585
637.174,-104.520
637.391,-101.532
637.609,-101.659
637.826,-101.090
638.043,-91.249
638.261,-97.305
638.478,-100.458
638.696,-103.591
638.913,-104.167
639.130,-102.577
639.348,-99.734
639.565,-95.622
639.783,-91.235
640.000,-89.772
640.217,-96.780
640.435,-108.035
640.652,-99.961
640.870,-103.575
641.087,-96.987
641.304,-102.490
641.522,-99.259
641.739,-103.403
641.957,-96.488
642.174,-96.098
642.391,-95.264
642.609,-101.579
642.826,-101.190
643.043,-102.880
643.261,-104.731
643.478,-98.923
643.696,-98.636
643.913,-104.279
644.130,-103.110
644.348,-97.320
644.565,-101.560
644.783,-101.239
645.000,-99.248
645.217,-103.317
645.435,-95.794
645.652,-100.228
645.870,-99.992
646.087,-102.893
646.304,-102.141
646.522,-101.206
646.739,-91.591
646.957,-97.635
647.174,-95.782
647.391,-95.078
647.609,-96.617
647.826,-103.484
648.043,-95.323
648.261,-94.615
648.478,-98.961
648.696,-99.139
648.913,-99.193
649.130,-101.847
649.348,-102.154
649.565,-99.332
649.783,-98.281
650.000,-93.623
650.217,-98.570
650.435,-98.094
650.652,-99.104
650.870,-100.758
651.087,-99.356
651.304,-92.714
651.522,-99.171
651.739,-101.598
651.957,-100.884
652.174,-107.001
652.391,-98.035
652.609,-97.866
652.826,-102.272
653.043,-103.952
653.261,-107.900
653.478,-104.355
653.696,-104.113
653.913,-102.871
654.130,-99.543
654.348,-102.787
654.565,-103.597
654.783,-103.961
655.000,-103.024
655.217,-103.841
655.435,-106.647
655.652,-104.090
655.870,-104.418
656.087,-106.175
656.304,-104.468
656.522,-105.588
656.739,-103.079
656.957,-102.368
657.174,-103.486
657.391,-104.603
657.609,-106.180
657.826,-102.520
658.043,-99.203
658.261,-102.936
658.478,-100.233
658.696,-102.506
658.913,-105.375
659.130,-102.890
659.348,-104.287
659.565,-101.244
659.783,-100.689
660.000,-96.726
660.217,-101.201
660.435,-99.881
660.652,-101.449
660.870,-104.818
661.087,-105.606
661.304,-106.427
661.522,-106.649
661.739,-101.097
661.957,-100.924
662.174,-101.923
662.391,-103.389
662.609,-102.816
662.826,-102.710
663.043,-103.664
663.261,-103.060
663.478,-99.710
663.696,-99.815
663.913,-103.709
664.130,-104.125
664.348,-102.698
664.565,-103.542
664.783,-102.469
665.000,-104.960
665.217,-102.669
665.435,-101.738
665.652,-104.773
665.870,-97.862
666.087,-96.705
666.304,-98.693
666.522,-95.967
666.739,-94.079
666.957,-93.162
667.174,-89.395
667.391,-86.335
667.609,-92.432
667.826,-96.392
668.043,-83.015
668.261,-79.402
668.478,-100.754
668.696,-101.012
668.913,-103.684
669.130,-102.793
669.348,-100.275
669.565,-104.854
669.783,-104.636
670.000,-103.617
670.217,-104.714
670.435,-105.081
670.652,-104.154
670.870,-102.608
671.087,-106.187
671.304,-101.836
671.522,-100.526
671.739,-97.029
671.957,-102.797
672.174,-108.258
672.391,-99.283
672.609,-101.892
672.826,-100.472
673.043,-100.460
673.261,-105.820
673.478,-104.514
673.696,-104.583
673.913,-104.564
674.130,-103.464
674.348,-100.710
674.565,-103.022
674.783,-105.202
675.000,-99.153
675.217,-106.287
675.435,-104.415
675.652,-98.030
675.870,-92.629
676.087,-101.605
676.304,-106.442
676.522,-105.315
676.739,-105.887
676.957,-108.105
677.174,-104.246
677.391,-94.812
677.609,-91.497
677.826,-102.316
678.043,-108.001
678.261,-106.866
678.478,-104.356
678.696,-109.795
678.913,-107.722
679.130,-104.029
679.348,-100.966
679.565,-108.495
679.783,-102.977
680.000,-93.065
680.217,-102.407
680.435,-104.216
680.652,-101.562
680.870,-105.558
681.087,-102.330
681.304,-99.154
681.522,-102.698
681.739,-102.064
681.957,-99.957
682.174,-99.589
682.391,-99.801
682.609,-101.660
682.826,-101.056
683.043,-103.004
683.261,-101.431
683.478,-100.715
683.696,-102.703
683.913,-103.657
684.130,-98.362
684.348,-102.680
684.565,-102.180
684.783,-104.561
685.000,-103.527
685.217,-105.757
685.435,-100.375
685.652,-101.843
685.870,-102.235
686.087,-103.195
686.304,-103.079
686.522,-103.839
686.739,-102.182
686.957,-103.011
687.174,-105.811
687.391,-104.877
687.609,-99.820
687.826,-101.947
688.043,-91.068
688.261,-94.543
688.478,-99.319
688.696,-100.361
688.913,-100.432
689.130,-104.128
689.348,-101.001
689.565,-106.024
689.783,-104.450
690.000,-102.889
690.217,-101.274
690.435,-101.071
690.652,-102.255
690.870,-104.076
691.087,-105.525
691.304,-103.510
691.522,-103.097
691.739,-102.509
691.957,-99.172
692.174,-100.355
692.391,-104.742
692.609,-102.768
692.826,-106.297
693.043,-98.577
693.261,-99.930
693.478,-102.854
693.696,-103.097
693.913,-103.462
694.130,-101.382
694.348,-101.942
694.565,-103.749
694.783,-97.874
695.000,-100.424
695.217,-103.983
695.435,-101.846
695.652,-100.316
695.870,-100.313
696.087,-98.365
696.304,-97.986
696.522,-104.280
696.739,-101.429
696.957,-100.763
697.174,-100.484
697.391,-100.858
697.609,-102.813
697.826,-101.752
698.043,-98.714
698.261,-100.107
698.478,-104.027
698.696,-106.472
698.913,-100.379
699.130,-104.653
699.348,-104.954
699.565,-101.413
699.783,-101.875
700.000,-90.148
700.000,-88.507
700.217,-95.244
700.435,-91.053
700.652,-101.647
700.870,-102.207
701.087,-102.126
701.304,-100.395
701.522,-99.636
701.739,-100.585
701.957,-99.999
702.174,-101.362
702.391,-102.721
702.609,-98.562
702.826,-100.481
703.043,-100.890
703.261,-106.664
703.478,-89.248
703.696,-100.004
703.913,-100.686
704.130,-102.239
704.348,-104.575
704.565,-98.309
704.783,-103.240
705.000,-98.331
705.217,-99.559
705.435,-102.213
705.652,-104.806
705.870,-102.108
706.087,-101.730
706.304,-100.401
706.522,-103.820
706.739,-102.002
706.957,-98.705
707.174,-106.179
707.391,-101.825
707.609,-103.531
707.826,-97.702
708.043,-96.908
708.261,-94.246
708.478,-95.877
708.696,-94.235
708.913,-105.026
709.130,-101.134
709.348,-104.353
709.565,-107.028
709.783,-102.304
710.000,-102.301
710.217,-101.774
710.435,-105.967
710.652,-105.847
710.870,-106.135
711.087,-102.300
711.304,-108.902
711.522,-104.992
711.739,-105.571
711.957,-103.693
712.174,-104.403
712.391,-105.339
712.609,-100.542
712.826,-101.334
713.043,-104.974
713.261,-106.768
713.478,-108.046
713.696,-106.245
713.913,-106.588
714.130,-102.409
714.348,-99.478
714.565,-103.990
714.783,-102.874
715.000,-102.431
715.217,-102.482
715.435,-99.983
715.652,-104.769
715.870,-103.111
716.087,-105.122
716.304,-106.289
716.522,-102.928
716.739,-106.588
716.957,-106.904
717.174,-103.505
717.391,-103.212
717.609,-97.418
717.826,-97.779
718.043,-99.840
718.261,-87.793
718.478,-84.500
718.696,-83.452
718.913,-88.014
719.130,-94.374
719.348,-100.422
719.565,-102.379
719.783,-103.013
720.000,-94.121
720.217,-104.380
720.435,-109.378
720.652,-103.400
720.870,-100.555
721.087,-107.421
721.304,-101.440
721.522,-107.517
721.739,-105.059
721.957,-105.636
722.174,-104.763
722.391,-103.865
722.609,-105.001
722.826,-105.809
723.043,-102.294
723.261,-105.417
723.478,-106.406
723.696,-105.817
723.913,-101.067
724.130,-106.824
724.348,-107.157
724.565,-101.276
724.783,-102.066
725.000,-97.332
725.217,-107.725
725.435,-105.236
725.652,-102.698
725.870,-103.847
726.087,-104.686
726.304,-106.014
726.522,-106.109
726.739,-105.012
726.957,-103.964
727.174,-104.549
727.391,-102.338
727.609,-104.456
727.826,-106.045
728.043,-107.885
728.261,-104.411
728.478,-104.094
728.696,-106.703
728.913,-105.371
729.130,-105.409
729.348,-103.483
729.565,-100.052
729.783,-99.253
730.000,-99.431
730.217,-99.367
730.435,-101.472
730.652,-96.781
730.870,-95.882
731.087,-100.388
731.304,-99.176
731.522,-99.822
731.739,-101.835
731.957,-96.465
732.174,-101.841
732.391,-99.590
732.609,-96.749
732.826,-102.842
733.043,-97.635
733.261,-102.599
733.478,-100.492
733.696,-104.031
733.913,-100.668
734.130,-98.077
734.348,-101.794
734.565,-102.409
734.783,-101.376
735.000,-98.170
735.217,-98.643
735.435,-101.930
735.652,-99.806
735.870,-97.519
736.087,-101.811
736.304,-99.972
736.522,-101.375
736.739,-98.504
736.957,-99.580
737.174,-101.753
737.391,-98.089
737.609,-97.978
737.826,-99.267
738.043,-97.382
738.261,-101.064
738.478,-101.126
738.696,-103.751
738.913,-100.013
739.130,-94.735
739.348,-107.155
739.565,-101.049
739.783,-100.902
740.000,-99.838
740.217,-93.293
740.435,-89.682
740.652,-91.939
740.870,-88.030
741.087,-91.703
741.304,-99.238
741.522,-96.012
741.739,-105.424
741.957,-97.138
742.174,-99.061
742.391,-93.467
742.609,-94.340
742.826,-84.174
743.043,-86.110
743.261,-99.745
743.478,-93.567
743.696,-102.649
743.913,-99.718
744.130,-98.993
744.348,-98.644
744.565,-98.816
744.783,-99.966
745.000,-104.445
745.217,-101.380
745.435,-104.618
745.652,-104.448
745.870,-103.751
746.087,-105.502
746.304,-96.541
746.522,-97.987
746.739,-103.154
746.957,-97.349
747.174,-88.514
747.391,-95.491
747.609,-96.931
747.826,-95.307
748.043,-87.932
748.261,-82.729
748.478,-92.055
748.696,-91.654
748.913,-92.221
749.130,-98.104
749.348,-90.374
749.565,-94.970
749.783,-89.434
750.000,-87.558
750.217,-89.010
750.435,-86.772
750.652,-98.089
750.870,-103.678
751.087,-103.612
751.304,-101.682
751.522,-95.184
751.739,-102.488
751.957,-101.797
752.174,-97.765
752.391,-98.400
752.609,-98.419
752.826,-97.198
753.043,-97.880
753.261,-103.144
753.478,-98.907
753.696,-93.956
753.913,-96.325
754.130,-95.693
754.348,-97.522
754.565,-94.387
754.783,-93.955
755.000,-89.469
755.217,-97.106
755.435,-97.933
755.652,-93.962
755.870,-103.314
756.087,-101.368
756.304,-99.340
756.522,-101.944
756.739,-102.426
756.957,-104.713
757.174,-99.715
757.391,-101.796
757.609,-101.591
757.826,-102.607
758.043,-100.892
758.261,-101.524
758.478,-104.157
758.696,-99.504
758.913,-99.847
759.130,-103.213
759.348,-99.176
759.565,-101.997
759.783,-101.020
760.000,-97.356
760.217,-103.323
760.435,-101.828
760.652,-102.695
760.870,-105.864
761.087,-104.822
761.304,-102.829
761.522,-100.016
761.739,-100.148
761.957,-102.009
762.174,-101.820
762.391,-100.868
762.609,-101.794
762.826,-101.231
763.043,-102.285
763.261,-102.048
763.478,-101.811
763.696,-104.165
763.913,-101.018
764.130,-102.678
764.348,-101.323
764.565,-104.190
764.783,-104.287
765.000,-103.995
765.217,-104.641
765.435,-100.953
765.652,-96.238
765.870,-99.427
766.087,-101.897
766.304,-102.124
766.522,-99.002
766.739,-99.064
766.957,-96.946
767.174,-99.468
767.391,-97.641
767.609,-96.309
767.826,-96.707
768.043,-98.222
768.261,-94.203
768.478,-97.439
768.696,-92.962
768.913,-94.535
769.130,-94.748
769.348,-91.172
769.565,-83.382
769.783,-80.308
770.000,-75.103
770.217,-86.378
770.435,-85.737
770.652,-91.350
770.870,-94.870
771.087,-90.980
771.304,-92.102
771.522,-92.892
771.739,-91.794
771.957,-95.859
772.174,-96.445
772.391,-94.787
772.609,-98.824
772.826,-99.854
773.043,-96.567
773.261,-96.240
773.478,-101.471
773.696,-96.862
773.913,-101.468
774.130,-97.745
774.348,-98.071
774.565,-104.311
774.783,-99.039
775.000,-98.923
775.217,-99.716
775.435,-99.462
775.652,-98.067
775.870,-99.580
776.087,-101.931
776.304,-100.434
776.522,-101.345
776.739,-99.243
776.957,-97.095
777.174,-101.796
777.391,-94.697
777.609,-100.028
777.826,-100.590
778.043,-97.861
778.261,-102.649
778.478,-98.694
778.696,-101.439
778.913,-101.030
779.130,-101.188
779.348,-100.371
779.565,-96.247
779.783,-96.126
780.000,-97.865
780.217,-102.248
780.435,-100.597
780.652,-100.111
780.870,-97.667
781.087,-100.937
781.304,-104.157
781.522,-100.385
781.739,-101.433
781.957,-100.029
782.174,-99.689
782.391,-98.532
782.609,-99.318
782.826,-99.224
783.043,-98.960
783.261,-99.578
783.478,-100.436
783.696,-99.877
783.913,-99.709
784.130,-102.096
784.348,-101.457
784.565,-101.784
784.783,-100.171
785.000,-100.847
785.217,-103.912
785.435,-98.617
785.652,-100.120
785.870,-99.428
786.087,-100.376
786.304,-100.699
786.522,-101.478
786.739,-100.672
786.957,-99.660
787.174,-102.318
787.391,-103.678
787.609,-101.361
787.826,-101.177
788.043,-104.472
788.261,-101.122
788.478,-103.240
788.696,-96.701
788.913,-102.376
789.130,-105.218
789.348,-104.080
789.565,-102.530
789.783,-102.009
790.000,-103.154
790.217,-104.042
790.435,-105.005
790.652,-101.817
790.870,-100.390
791.087,-105.355
791.304,-102.950
791.522,-100.767
791.739,-100.628
791.957,-101.202
792.174,-105.397
792.391,-103.626
792.609,-103.137
792.826,-102.142
793.043,-101.548
793.261,-103.254
793.478,-105.966
793.696,-103.458
793.913,-102.286
794.130,-100.717
794.348,-95.687
794.565,-103.157
794.783,-100.893
795.000,-101.903
795.217,-104.495
795.435,-100.902
795.652,-104.380
795.870,-100.044
796.087,-105.238
796.304,-102.083
796.522,-101.779
796.739,-100.548
796.957,-97.889
797.174,-97.329
797.391,-98.988
797.609,-99.899
797.826,-99.577
798.043,-97.891
798.261,-101.829
798.478,-101.895
798.696,-101.882
798.913,-105.292
799.130,-108.197
799.348,-104.573
799.565,-104.445
799.783,-102.606
800.000,-87.521
800.000,-88.615
800.217,-92.205
800.435,-102.628
800.652,-95.082
800.870,-104.200
801.087,-103.505
801.304,-105.469
801.522,-103.055
801.739,-104.340
801.957,-106.756
802.174,-107.112
802.391,-104.639
802.609,-102.796
802.826,-102.695
803.043,-105.222
803.261,-106.505
803.478,-104.856
803.696,-106.989
803.913,-105.305
804.130,-104.531
804.348,-103.540
804.565,-110.010
804.783,-105.449
805.000,-107.911
805.217,-107.591
805.435,-104.982
805.652,-99.520
805.870,-105.850
806.087,-104.997
806.304,-104.797
806.522,-109.103
806.739,-104.506
806.957,-104.222
807.174,-105.904
807.391,-104.221
807.609,-103.240
807.826,-106.648
808.043,-101.991
808.261,-104.916
808.478,-105.424
808.696,-105.317
808.913,-104.693
809.130,-104.114
809.348,-103.816
809.565,-106.648
809.783,-101.949
810.000,-104.800
810.217,-103.068
810.435,-102.545
810.652,-103.834
810.870,-101.773
811.087,-101.926
811.304,-97.350
811.522,-101.015
811.739,-103.440
811.957,-109.236
812.174,-103.320
812.391,-102.193
812.609,-101.682
812.826,-103.471
813.043,-105.496
813.261,-101.070
813.478,-102.647
813.696,-103.642
813.913,-103.505
814.130,-99.842
814.348,-102.905
814.565,-105.764
814.783,-100.783
815.000,-103.191
815.217,-107.130
815.435,-101.585
815.652,-104.230
815.870,-106.183
816.087,-104.198
816.304,-104.257
816.522,-95.408
816.739,-91.345
816.957,-102.393
817.174,-102.242
817.391,-103.915
817.609,-105.727
817.826,-107.029
818.043,-108.176
818.261,-104.177
818.478,-105.358
818.696,-105.132
818.913,-103.746
819.130,-108.747
819.348,-106.028
819.565,-105.128
819.783,-105.209
820.000,-99.094
820.217,-98.950
820.435,-102.980
820.652,-103.230
820.870,-101.669
821.087,-100.055
821.304,-97.443
821.522,-98.703
821.739,-103.964
821.957,-101.216
822.174,-100.038
822.391,-103.567
822.609,-100.439
822.826,-103.147
823.043,-102.148
823.261,-98.946
823.478,-103.545
823.696,-99.982
823.913,-103.973
824.130,-98.785
824.348,-101.157
824.565,-100.498
824.783,-99.860
825.000,-101.866
825.217,-104.113
825.435,-103.473
825.652,-102.885
825.870,-101.653
826.087,-108.453
826.304,-107.107
826.522,-105.719
826.739,-104.389
826.957,-104.599
827.174,-105.502
827.391,-108.449
827.609,-105.544
827.826,-109.225
828.043,-107.176
828.261,-106.243
828.478,-106.187
828.696,-103.922
828.913,-101.905
829.130,-106.434
829.348,-105.612
829.565,-105.755
829.783,-105.483
830.000,-105.809
830.217,-102.489
830.435,-108.337
830.652,-103.103
830.870,-100.209
831.087,-100.781
831.304,-100.949
831.522,-104.693
831.739,-97.975
831.957,-101.121
832.174,-101.140
832.391,-97.108
832.609,-102.621
832.826,-103.621
833.043,-100.482
833.261,-97.690
833.478,-100.140
833.696,-101.520
833.913,-99.904
834.130,-100.043
834.348,-98.257
834.565,-100.305
834.783,-103.944
835.000,-103.624
835.217,-103.201
835.435,-103.010
835.652,-98.201
835.870,-99.352
836.087,-102.616
836.304,-99.112
836.522,-98.043
836.739,-100.505
836.957,-102.870
837.174,-100.470
837.391,-101.084
837.609,-97.391
837.826,-101.511
838.043,-101.012
838.261,-104.536
838.478,-105.746
838.696,-104.296
838.913,-103.067
839.130,-105.705
839.348,-105.345
839.565,-107.004
839.783,-107.266
840.000,-96.618
840.217,-103.378
840.435,-104.814
840.652,-105.388
840.870,-104.723
841.087,-100.886
841.304,-100.102
841.522,-100.412
841.739,-98.714
841.957,-99.570
842.174,-101.297
842.391,-96.875
842.609,-99.206
842.826,-103.569
843.043,-99.707
843.261,-101.909
843.478,-102.109
843.696,-96.395
843.913,-99.932
844.130,-97.337
844.348,-102.252
844.565,-100.831
844.783,-98.146
845.000,-100.739
845.217,-101.318
845.435,-100.311
845.652,-99.581
845.870,-105.778
846.087,-102.133
846.304,-103.928
846.522,-104.084
846.739,-102.021
846.957,-100.296
847.174,-101.428
847.391,-103.954
847.609,-103.335
847.826,-101.264
848.043,-104.044
848.261,-105.036
848.478,-101.133
848.696,-103.017
848.913,-102.452
849.130,-99.037
849.348,-104.890
849.565,-104.431
849.783,-102.564
850.000,-95.412
850.217,-102.125
850.435,-102.661
850.652,-101.581
850.870,-101.838
851.087,-100.574
851.304,-97.883
851.522,-105.159
851.739,-98.885
851.957,-100.786
852.174,-101.138
852.391,-102.022
852.609,-102.008
852.826,-100.687
853.043,-102.197
853.261,-100.990
853.478,-98.075
853.696,-100.872
853.913,-102.429
854.130,-99.565
854.348,-98.814
854.565,-100.033
854.783,-101.560
855.000,-98.968
855.217,-101.910
855.435,-102.943
855.652,-102.325
855.870,-100.519
856.087,-102.138
856.304,-101.034
856.522,-102.847
856.739,-100.565
856.957,-97.155
857.174,-99.391
857.391,-96.544
857.609,-97.878
857.826,-95.482
858.043,-96.392
858.261,-97.667
858.478,-97.919
858.696,-100.552
858.913,-98.488
859.130,-98.770
859.348,-95.760
859.565,-95.076
859.783,-101.570
860.000,-101.287
860.217,-96.456
860.435,-101.245
860.652,-100.997
860.870,-97.118
861.087,-99.623
861.304,-98.878
861.522,-96.784
861.739,-101.901
861.957,-96.616
862.174,-98.647
862.391,-97.259
862.609,-94.290
862.826,-98.051
863.043,-99.737
863.261,-95.359
863.478,-97.501
863.696,-98.329
863.913,-100.056
864.130,-98.253
864.348,-97.418
864.565,-99.662
864.783,-99.618
865.000,-97.084
865.217,-102.132
865.435,-91.139
865.652,-96.995
865.870,-98.852
866.087,-94.924
866.304,-95.571
866.522,-99.625
866.739,-99.472
866.957,-101.181
867.174,-99.589
867.391,-101.043
867.609,-100.602
867.826,-100.820
868.043,-101.366
868.261,-100.954
868.478,-101.445
868.696,-96.434
868.913,-100.315
869.130,-105.372
869.348,-102.159
869.565,-105.291
869.783,-99.387
870.000,-100.028
870.217,-101.499
870.435,-98.406
870.652,-99.531
870.870,-98.918
871.087,-102.538
871.304,-95.600
871.522,-94.113
871.739,-94.102
871.957,-92.655
872.174,-93.973
872.391,-88.993
872.609,-86.769
872.826,-91.511
873.043,-93.353
873.261,-94.749
873.478,-97.139
873.696,-98.800
873.913,-95.921
874.130,-95.632
874.348,-91.095
874.565,-98.220
874.783,-101.074
875.000,-101.491
875.217,-98.045
875.435,-100.734
875.652,-96.989
875.870,-97.491
876.087,-102.449
876.304,-99.766
876.522,-99.190
876.739,-103.153
876.957,-100.463
877.174,-99.607
877.391,-101.091
877.609,-97.259
877.826,-101.904
878.043,-100.019
878.261,-103.530
878.478,-97.031
878.696,-100.182
878.913,-100.795
879.130,-101.689
879.348,-105.332
879.565,-104.104
879.783,-98.680
880.000,-94.080
880.217,-100.771
880.435,-101.765
880.652,-96.139
880.870,-98.375
881.087,-95.490
881.304,-94.574
881.522,-101.413
881.739,-98.334
881.957,-98.292
882.174,-99.176
882.391,-94.883
882.609,-96.808
882.826,-97.596
883.043,-97.242
883.261,-95.277
883.478,-94.895
883.696,-96.987
883.913,-99.091
884.130,-94.206
884.348,-99.046
884.565,-94.851
884.783,-92.229
885.000,-104.750
885.217,-102.007
885.435,-88.797
885.652,-96.846
885.870,-103.131
886.087,-102.162
886.304,-105.527
886.522,-101.475
886.739,-93.780
886.957,-101.367
887.174,-101.841
887.391,-104.743
887.609,-103.209
887.826,-103.890
888.043,-103.955
888.261,-100.083
888.478,-100.018
888.696,-102.573
888.913,-103.998
889.130,-97.880
889.348,-93.286
889.565,-95.735
889.783,-105.060
890.000,-101.259
890.217,-101.676
890.435,-102.551
890.652,-102.676
890.870,-92.610
891.087,-98.674
891.304,-99.095
891.522,-103.966
891.739,-103.885
891.957,-103.019
892.174,-102.967
892.391,-102.370
892.609,-99.127
892.826,-99.343
893.043,-99.516
893.261,-94.188
893.478,-98.056
893.696,-98.393
893.913,-102.699
894.130,-99.850
894.348,-101.855
894.565,-102.668
894.783,-97.164
895.000,-103.536
895.217,-101.483
895.435,-98.851
895.652,-98.881
895.870,-97.742
896.087,-99.051
896.304,-97.137
896.522,-102.585
896.739,-100.692
896.957,-104.013
897.174,-99.228
897.391,-101.897
897.609,-103.994
897.826,-102.616
898.043,-105.391
898.261,-101.221
898.478,-102.781
898.696,-102.518
898.913,-102.803
899.130,-103.024
899.348,-103.833
899.565,-103.235
899.783,-102.340
900.000,-76.535
900.000,-78.900
900.152,-76.497
900.304,-96.258
900.457,-101.773
900.609,-103.207
900.761,-105.928
900.913,-108.344
901.065,-102.677
901.217,-102.480
901.370,-106.902
901.522,-99.644
901.674,-103.536
901.826,-103.234
901.978,-102.636
902.130,-101.530
902.283,-107.403
902.435,-102.382
902.587,-104.043
902.739,-106.427
902.891,-104.058
903.043,-100.920
903.196,-104.053
903.348,-102.079
903.500,-104.224
903.652,-101.973
903.804,-105.509
903.957,-104.416
904.109,-105.336
904.261,-105.610
904.413,-103.559
904.565,-104.561
904.717,-101.472
904.870,-97.821
905.022,-101.024
905.174,-103.668
905.326,-101.415
905.478,-101.350
905.630,-100.411
905.783,-104.227
905.935,-99.613
906.087,-102.986
906.239,-100.855
906.391,-103.001
906.543,-104.537
906.696,-100.656
906.848,-101.511
907.000,-103.411
907.152,-102.711
907.304,-103.026
907.457,-100.669
907.609,-102.170
907.761,-102.036
907.913,-101.174
908.065,-99.880
908.217,-102.612
908.370,-103.323
908.522,-101.210
908.674,-97.662
908.826,-99.684
908.978,-99.905
909.130,-103.792
909.283,-98.366
909.435,-103.667
909.587,-105.460
909.739,-100.736
909.891,-99.716
910.043,-96.347
910.196,-98.861
910.348,-99.737
910.500,-101.135
910.652,-101.890
910.804,-99.809
910.957,-101.850
911.109,-101.921
911.261,-98.450
911.413,-98.391
911.565,-99.239
911.717,-96.723
911.870,-97.173
912.022,-99.602
912.174,-101.513
912.326,-102.391
912.478,-103.915
912.630,-99.355
912.783,-99.574
912.935,-98.644
913.087,-100.478
913.239,-100.520
913.391,-102.143
913.543,-98.684
913.696,-100.109
913.848,-100.927
914.000,-101.513
914.152,-99.897
914.304,-104.359
914.457,-97.753
914.609,-98.208
914.761,-102.268
914.913,-101.093
915.065,-99.175
915.217,-98.324
915.370,-100.510
915.522,-99.218
915.674,-101.443
915.826,-97.923
915.978,-103.621
916.130,-100.428
916.283,-102.728
916.435,-104.404
916.587,-100.236
916.739,-104.136
916.891,-103.605
917.043,-100.504
917.196,-99.516
917.348,-98.185
917.500,-98.600
917.652,-102.226
917.804,-99.309
917.957,-100.804
918.109,-100.085
918.261,-100.368
918.413,-103.577
918.565,-102.502
918.717,-98.927
918.870,-99.753
919.022,-100.588
919.174,-103.931
919.326,-98.099
919.478,-100.809
919.630,-100.008
919.783,-100.044
919.935,-94.208
920.087,-92.745
920.239,-101.374
920.391,-102.724
920.543,-99.996
920.696,-103.366
920.848,-100.997
921.000,-101.499
921.152,-99.095
921.304,-98.345
921.457,-96.425
921.609,-93.326
921.761,-94.775
921.913,-97.550
922.065,-97.059
922.217,-98.286
922.370,-92.564
922.522,-95.500
922.674,-89.701
922.826,-98.107
922.978,-93.843
923.130,-95.125
923.283,-92.150
923.435,-84.862
923.587,-87.541
923.739,-85.044
923.891,-74.332
924.043,-78.951
924.196,-85.469
924.348,-89.083
924.500,-90.074
924.652,-92.769
924.804,-99.262
924.957,-96.274
925.109,-96.375
925.261,-93.966
925.413,-93.886
925.565,-96.333
925.717,-96.178
925.870,-99.318
926.022,-100.284
926.174,-94.946
926.326,-99.599
926.478,-97.706
926.630,-98.980
926.783,-101.184
926.935,-103.644
927.087,-96.055
927.239,-97.373
927.391,-97.160
927.543,-100.802
927.696,-98.874
927.848,-97.245
928.000,-96.165
928.152,-99.077
928.304,-99.267
928.457,-99.894
928.609,-103.023
928.761,-102.872
928.913,-99.352
929.065,-100.248
929.217,-100.914
929.370,-100.306
929.522,-101.462
929.674,-101.311
929.826,-99.954
929.978,-100.620
930.130,-101.358
930.283,-97.720
930.435,-102.786
930.587,-101.478
930.739,-94.281
930.891,-97.692
931.043,-95.644
931.196,-96.456
931.348,-96.496
931.500,-96.976
931.652,-95.298
931.804,-91.782
931.957,-95.524
932.109,-99.032
932.261,-100.753
932.413,-96.859
932.565,-99.728
932.717,-101.635
932.870,-96.632
933.022,-99.506
933.174,-97.674
933.326,-97.898
933.478,-98.287
933.630,-99.477
933.783,-99.770
933.935,-97.101
934.087,-96.051
934.239,-100.002
934.391,-98.841
934.543,-96.927
934.696,-100.407
934.848,-96.069
935.000,-95.505
935.152,-98.542
935.304,-96.496
935.457,-94.801
935.609,-97.828
935.761,-99.265
935.913,-98.035
936.065,-97.821
936.217,-96.372
936.370,-103.769
936.522,-101.541
936.674,-99.163
936.826,-96.465
936.978,-99.387
937.130,-102.728
937.283,-102.429
937.435,-98.309
937.587,-102.569
937.739,-98.192
937.891,-102.788
938.043,-102.099
938.196,-101.070
938.348,-103.409
938.500,-102.055
938.652,-98.975
938.804,-104.531
938.957,-99.433
939.109,-102.434
939.261,-97.802
939.413,-101.175
939.565,-97.927
939.717,-100.698
939.870,-99.002
940.022,-95.995
940.174,-96.327
940.326,-100.257
940.478,-98.578
940.630,-101.480
940.783,-101.177
940.935,-97.044
941.087,-94.779
941.239,-96.272
941.391,-94.902
941.543,-97.123
941.696,-97.508
941.848,-99.117
942.000,-101.338
942.152,-96.120
942.304,-96.066
942.457,-99.321
942.609,-98.807
942.761,-98.455
942.913,-99.207
943.065,-94.652
943.217,-98.962
943.370,-96.343
943.522,-96.901
943.674,-100.626
943.826,-98.528
943.978,-98.992
944.130,-96.065
944.283,-100.187
944.435,-98.340
944.587,-96.800
944.739,-98.295
944.891,-93.309
945.043,-94.469
945.196,-97.189
945.348,-97.638
945.500,-98.072
945.652,-99.830
945.804,-97.541
945.957,-98.431
946.109,-96.850
946.261,-101.618
946.413,-105.408
946.565,-98.833
946.717,-102.698
946.870,-102.097
947.022,-105.522
947.174,-97.635
947.326,-101.997
947.478,-95.858
947.630,-102.389
947.783,-104.844
947.935,-106.785
948.087,-105.075
948.239,-103.543
948.391,-101.522
948.543,-105.514
948.696,-102.004
948.848,-103.123
949.000,-104.281
949.152,-103.210
949.304,-103.203
949.457,-103.352
949.609,-104.274
949.761,-102.484
949.913,-102.978
950.065,-101.856
950.217,-96.480
950.370,-98.597
950.522,-97.758
950.674,-101.344
950.826,-100.914
950.978,-99.513
951.130,-96.328
951.283,-100.415
951.435,-97.693
951.587,-100.123
951.739,-100.463
951.891,-100.048
952.043,-101.511
952.196,-101.613
952.348,-96.429
952.500,-100.600
952.652,-101.040
952.804,-97.328
952.957,-98.639
953.109,-101.645
953.261,-99.766
953.413,-102.191
953.565,-100.454
953.717,-100.340
953.870,-98.550
954.022,-104.349
954.174,-97.817
954.326,-95.756
954.478,-94.330
954.630,-95.723
954.783,-96.412
954.935,-95.976
955.087,-104.836
955.239,-101.104
955.391,-103.157
955.543,-102.214
955.696,-98.262
955.848,-100.943
956.000,-96.287
956.152,-100.815
956.304,-105.311
956.457,-105.253
956.609,-97.490
956.761,-103.272
956.913,-100.059
957.065,-101.460
957.217,-102.405
957.370,-102.302
957.522,-104.095
957.674,-103.036
957.826,-101.929
957.978,-103.924
958.130,-102.590
958.283,-102.882
958.435,-100.165
958.587,-104.466
958.739,-101.313
958.891,-103.154
959.043,-104.072
959.196,-102.013
959.348,-107.020
959.500,-103.626
959.652,-104.917
959.804,-104.170
959.957,-95.652
960.109,-96.845
960.261,-97.646
960.413,-102.240
960.565,-103.459
960.717,-102.262
960.870,-104.880
961.022,-99.108
961.174,-96.967
961.326,-95.902
961.478,-96.475
961.630,-96.625
961.783,-96.794
961.935,-93.115
962.087,-91.617
962.239,-92.633
962.391,-92.723
962.543,-90.722
962.696,-95.088
962.848,-90.563
963.000,-94.851
963.152,-95.698
963.304,-97.237
963.457,-95.210
963.609,-101.960
963.761,-99.142
963.913,-102.189
964.065,-100.857
964.217,-101.213
964.370,-96.673
964.522,-99.590
964.674,-102.434
964.826,-99.075
964.978,-99.509
965.130,-86.531
965.283,-90.186
965.435,-101.560
965.587,-98.532
965.739,-97.274
965.891,-102.824
966.043,-99.239
966.196,-99.548
966.348,-106.208
966.500,-99.547
966.652,-104.560
966.804,-102.711
966.957,-104.171
967.109,-102.522
967.261,-101.182
967.413,-103.822
967.565,-103.375
967.717,-99.733
967.870,-101.235
968.022,-101.267
968.174,-100.395
968.326,-104.208
968.478,-103.132
968.630,-100.860
968.783,-102.560
968.935,-103.854
969.087,-105.529
969.239,-103.454
969.391,-105.085
969.543,-105.579
969.696,-102.607
969.848,-105.717
970.000,-99.993
1430.000,-97.456
1430.239,-99.135
1430.478,-100.625
1430.717,-103.942
1430.957,-104.359
1431.196,-106.497
1431.435,-110.511
1431.674,-105.370
1431.913,-102.336
1432.152,-106.992
1432.391,-110.341
1432.630,-107.695
1432.870,-106.305
1433.109,-107.670
1433.348,-99.977
1433.587,-101.076
1433.826,-109.512
1434.065,-110.214
1434.304,-108.707
1434.543,-108.514
1434.783,-108.751
1435.022,-110.255
1435.261,-107.230
1435.500,-109.410
1435.739,-111.501
1435.978,-110.454
1436.217,-109.482
1436.457,-109.952
1436.696,-110.313
1436.935,-107.862
1437.174,-101.472
1437.413,-105.394
1437.652,-107.978
1437.891,-107.063
1438.130,-110.211
1438.370,-106.756
1438.609,-108.148
1438.848,-108.532
1439.087,-104.566
1439.326,-109.976
1439.565,-109.822
1439.804,-104.735
1440.043,-100.866
1440.283,-108.634
1440.522,-109.986
1440.761,-107.629
1441.000,-109.710
1441.239,-106.505
1441.478,-107.841
1441.717,-107.981
1441.957,-105.399
1442.196,-108.404
1442.435,-111.585
1442.674,-110.077
1442.913,-109.442
1443.152,-107.374
1443.391,-111.593
1443.630,-110.235
1443.870,-109.767
1444.109,-108.143
1444.348,-110.081
1444.587,-111.292
1444.826,-108.950
1445.065,-110.837
1445.304,-108.479
1445.543,-108.096
1445.783,-107.032
1446.022,-107.623
1446.261,-107.383
1446.500,-107.859
1446.739,-109.200
1446.978,-107.837
1447.217,-107.099
1447.457,-108.505
1447.696,-108.026
1447.935,-107.371
1448.174,-106.771
1448.413,-109.636
1448.652,-110.823
1448.891,-106.775
1449.130,-108.235
1449.370,-108.561
1449.609,-106.631
1449.848,-107.516
1450.087,-109.818
1450.326,-110.292
1450.565,-109.641
1450.804,-108.523
1451.043,-109.075
1451.283,-110.700
1451.522,-110.634
1451.761,-108.481
1452.000,-109.948
1452.239,-108.404
1452.478,-107.231
1452.717,-107.106
1452.957,-109.855
1453.196,-108.139
1453.435,-108.576
1453.674,-107.701
1453.913,-110.333
1454.152,-108.514
1454.391,-109.051
1454.630,-107.878
1454.870,-108.671
1455.109,-105.908
1455.348,-107.325
1455.587,-106.677
1455.826,-104.967
1456.065,-100.540
1456.304,-100.851
1456.543,-104.891
1456.783,-102.513
1457.022,-96.840
1457.261,-98.307
1457.500,-98.028
1457.739,-99.087
1457.978,-98.629
1458.217,-100.442
1458.457,-99.859
1458.696,-98.676
1458.935,-103.427
1459.174,-104.774
1459.413,-103.356
1459.652,-103.703
1459.891,-108.669
1460.130,-109.294
1460.370,-108.600
1460.609,-108.571
1460.848,-107.412
1461.087,-109.955
1461.326,-108.371
1461.565,-104.343
1461.804,-109.275
1462.043,-105.955
1462.283,-109.580
1462.522,-111.093
1462.761,-110.540
1463.000,-110.292
1463.239,-107.781
1463.478,-106.913
1463.717,-108.524
1463.957,-109.819
1464.196,-109.305
1464.435,-112.469
1464.674,-108.537
1464.913,-110.603
1465.152,-108.875
1465.391,-106.938
1465.630,-110.416
1465.870,-107.572
1466.109,-109.313
1466.348,-107.924
1466.587,-108.005
1466.826,-107.055
1467.065,-106.968
1467.304,-108.979
1467.543,-108.890
1467.783,-108.154
1468.022,-109.097
1468.261,-104.397
1468.500,-108.991
1468.739,-108.195
1468.978,-107.511
1469.217,-105.699
1469.457,-109.158
1469.696,-109.938
1469.935,-106.621
1470.174,-107.479
1470.413,-110.056
1470.652,-106.372
1470.891,-107.521
1471.130,-110.718
1471.370,-103.258
1471.609,-106.075
1471.848,-109.200
1472.087,-110.416
1472.326,-107.641
1472.565,-110.346
1472.804,-108.241
1473.043,-106.407
1473.283,-110.107
1473.522,-106.983
1473.761,-110.675
1474.000,-108.895
1474.239,-108.585
1474.478,-111.605
1474.717,-110.033
1474.957,-106.260
1475.196,-107.796
1475.435,-107.660
1475.674,-109.796
1475.913,-110.504
1476.152,-109.003
1476.391,-109.279
1476.630,-108.626
1476.870,-108.680
1477.109,-108.030
1477.348,-107.042
1477.587,-107.186
1477.826,-106.023
1478.065,-110.754
1478.304,-106.975
1478.543,-108.232
1478.783,-107.567
1479.022,-108.569
1479.261,-107.777
1479.500,-105.856
1479.739,-106.728
1479.978,-105.583
1480.217,-107.084
1480.457,-109.395
1480.696,-108.738
1480.935,-108.632
1481.174,-106.137
1481.413,-104.915
1481.652,-108.102
1481.891,-108.902
1482.130,-107.763
1482.370,-109.980
1482.609,-107.552
1482.848,-108.506
1483.087,-103.718
1483.326,-103.705
1483.565,-100.455
1483.804,-96.919
1484.043,-100.967
1484.283,-98.923
1484.522,-97.818
1484.761,-97.169
1485.000,-97.267
1485.239,-98.461
1485.478,-99.774
1485.717,-96.924
1485.957,-101.417
1486.196,-97.226
1486.435,-101.443
1486.674,-102.936
1486.913,-104.992
1487.152,-103.544
1487.391,-105.718
1487.630,-107.124
1487.870,-104.392
1488.109,-105.290
1488.348,-108.499
1488.587,-106.189
1488.826,-107.744
1489.065,-106.375
1489.304,-110.822
1489.543,-106.761
1489.783,-107.088
1490.022,-107.430
1490.261,-108.015
1490.500,-107.407
1490.739,-111.353
1490.978,-104.385
1491.217,-108.754
1491.457,-107.007
1491.696,-108.555
1491.935,-109.500
1492.174,-108.353
1492.413,-107.941
1492.652,-107.510
1492.891,-109.311
1493.130,-107.459
1493.370,-109.394
1493.609,-110.719
1493.848,-110.385
1494.087,-108.017
1494.326,-109.426
1494.565,-109.754
1494.804,-108.001
1495.043,-107.873
1495.283,-110.520
1495.522,-106.925
1495.761,-106.052
1496.000,-106.545
1496.239,-107.567
1496.478,-109.714
1496.717,-109.662
1496.957,-105.859
1497.196,-108.888
1497.435,-106.365
1497.674,-109.584
1497.913,-108.820
1498.152,-107.378
1498.391,-108.689
1498.630,-108.305
1498.870,-110.283
1499.109,-106.881
1499.348,-106.272
1499.587,-110.154
1499.826,-106.736
1500.065,-93.392
1500.304,-95.534
1500.543,-106.419
1500.783,-107.468
1501.022,-109.437
1501.261,-107.747
1501.500,-109.586
1501.739,-109.860
1501.978,-108.983
1502.217,-108.375
1502.457,-109.159
1502.696,-109.310
1502.935,-110.692
1503.174,-110.240
1503.413,-107.656
1503.652,-109.847
1503.891,-107.438
1504.130,-110.331
1504.370,-108.949
1504.609,-111.386
1504.848,-109.807
1505.087,-110.071
1505.326,-108.930
1505.565,-113.912
1505.804,-112.151
1506.043,-110.278
1506.283,-106.851
1506.522,-109.558
1506.761,-109.694
1507.000,-109.137
1507.239,-109.589
1507.478,-108.532
1507.717,-107.244
1507.957,-110.133
1508.196,-108.736
1508.435,-108.794
1508.674,-110.496
1508.913,-108.371
1509.152,-108.810
1509.391,-110.603
1509.630,-110.458
1509.870,-108.196
1510.109,-106.648
1510.348,-105.001
1510.587,-109.253
1510.826,-108.040
1511.065,-105.880
1511.304,-106.284
1511.543,-104.656
1511.783,-102.261
1512.022,-102.474
1512.261,-104.190
1512.500,-102.848
1512.739,-103.039
1512.978,-104.266
1513.217,-101.949
1513.457,-106.581
1513.696,-105.590
1513.935,-103.102
1514.174,-109.936
1514.413,-110.922
1514.652,-106.497
1514.891,-107.313
1515.130,-110.112
1515.370,-111.010
1515.609,-110.268
1515.848,-110.164
1516.087,-110.667
1516.326,-111.805
1516.565,-108.387
1516.804,-109.533
1517.043,-109.849
1517.283,-109.549
1517.522,-109.232
1517.761,-110.291
1518.000,-108.535
1518.239,-109.923
1518.478,-108.768
1518.717,-109.677
1518.957,-110.372
1519.196,-110.000
1519.435,-108.479
1519.674,-111.842
1519.913,-98.443
1520.152,-105.294
1520.391,-105.270
1520.630,-110.430
1520.870,-107.156
1521.109,-107.357
1521.348,-109.927
1521.587,-108.878
1521.826,-110.744
1522.065,-109.857
1522.304,-110.360
1522.543,-109.317
1522.783,-111.158
1523.022,-109.274
1523.261,-107.253
1523.500,-110.419
1523.739,-108.204
1523.978,-111.951
1524.217,-109.107
1524.457,-107.852
1524.696,-111.707
1524.935,-110.254
1525.174,-109.715
1525.413,-110.908
1525.652,-109.356
1525.891,-110.415
1526.130,-109.825
1526.370,-110.959
1526.609,-110.818
1526.848,-107.932
1527.087,-109.013
1527.326,-111.725
1527.565,-108.474
1527.804,-108.140
1528.043,-108.832
1528.283,-109.721
1528.522,-111.641
1528.761,-108.724
1529.000,-109.075
1529.239,-109.792
1529.478,-110.161
1529.717,-108.397
1529.957,-108.750
1530.196,-109.062
1530.435,-108.704
1530.674,-112.149
1530.913,-109.152
1531.152,-111.451
1531.391,-108.233
1531.630,-110.543
1531.870,-110.651
1532.109,-109.773
1532.348,-109.368
1532.587,-110.320
1532.826,-111.499
1533.065,-111.291
1533.304,-112.638
1533.543,-111.943
1533.783,-113.090
1534.022,-108.687
1534.261,-110.807
1534.500,-108.827
1534.739,-111.351
1534.978,-109.611
1535.217,-108.880
1535.457,-109.695
1535.696,-109.521
1535.935,-106.778
1536.174,-109.496
1536.413,-111.183
1536.652,-107.273
1536.891,-108.352
1537.130,-108.402
1537.370,-109.127
1537.609,-105.689
1537.848,-105.838
1538.087,-104.663
1538.326,-105.733
1538.565,-107.471
1538.804,-105.500
1539.043,-102.476
1539.283,-102.069
1539.522,-100.001
1539.761,-101.664
1540.000,-101.670
