50.000,-88.754
50.108,-89.123
50.217,-89.964
50.325,-89.145
50.434,-90.535
50.542,-90.600
50.651,-84.420
50.759,-88.252
50.868,-88.487
50.976,-88.734
51.085,-88.642
51.193,-88.614
51.302,-84.331
51.410,-87.880
51.519,-90.288
51.627,-88.202
51.736,-87.536
51.844,-85.854
51.953,-89.711
52.061,-87.175
52.170,-84.453
52.278,-84.675
52.387,-89.605
52.495,-91.252
52.603,-88.966
52.712,-84.758
52.820,-84.789
52.929,-87.847
53.037,-87.168
53.146,-87.614
53.254,-85.957
53.363,-88.011
53.471,-88.428
53.580,-89.589
53.688,-87.772
53.797,-76.878
53.905,-88.024
54.014,-89.471
54.122,-89.438
54.231,-88.411
54.339,-88.482
54.448,-89.028
54.556,-90.092
54.665,-91.192
54.773,-92.153
54.882,-89.711
54.990,-91.278
55.098,-91.213
55.207,-92.580
55.315,-79.377
55.424,-87.538
55.532,-89.908
55.641,-92.134
55.749,-92.033
55.858,-94.113
55.966,-91.222
56.075,-92.257
56.183,-90.288
56.292,-91.937
56.400,-91.303
56.509,-91.054
56.617,-90.285
56.726,-90.399
56.834,-73.560
56.943,-86.608
57.051,-91.729
57.160,-90.979
57.268,-93.040
57.377,-92.013
57.485,-93.102
57.593,-93.442
57.702,-93.305
57.810,-94.685
57.919,-91.883
58.027,-93.761
58.136,-93.361
58.244,-93.447
58.353,-81.970
58.461,-91.978
58.570,-92.711
58.678,-93.530
58.787,-92.525
58.895,-94.090
59.004,-95.614
59.112,-95.104
59.221,-92.891
59.329,-92.248
59.438,-92.245
59.546,-92.729
59.655,-91.265
59.763,-91.095
59.872,-81.196
59.980,-89.769
60.088,-90.016
60.197,-89.943
60.305,-90.586
60.414,-90.734
60.522,-91.188
60.631,-90.565
60.739,-88.935
60.848,-89.331
60.956,-88.059
61.065,-87.388
61.173,-87.384
61.282,-86.310
61.390,-84.201
61.499,-86.496
61.607,-86.140
61.716,-86.299
61.824,-87.082
61.933,-86.795
62.041,-86.295
62.150,-86.967
62.258,-85.853
62.367,-86.300
62.475,-86.333
62.583,-86.939
62.692,-86.455
62.800,-87.469
62.909,-87.443
63.017,-79.497
63.126,-89.280
63.234,-88.786
63.343,-91.019
63.451,-90.630
63.560,-89.942
63.668,-91.733
63.777,-94.792
63.885,-94.704
63.994,-95.459
64.102,-96.515
64.211,-96.625
64.319,-94.496
64.428,-93.626
64.536,-86.826
64.645,-92.758
64.753,-92.912
64.862,-95.749
64.970,-94.119
65.078,-94.208
65.187,-93.436
65.295,-93.214
65.404,-91.757
65.512,-91.743
65.621,-92.305
65.729,-92.105
65.838,-91.280
65.946,-92.194
66.055,-80.122
66.163,-91.160
66.272,-91.638
66.380,-91.479
66.489,-90.622
66.597,-92.200
66.706,-93.599
66.814,-91.467
66.923,-91.168
67.031,-91.893
67.140,-91.572
67.248,-90.709
67.357,-91.866
67.465,-90.962
67.573,-90.306
67.682,-92.508
67.790,-92.182
67.899,-92.031
68.007,-92.983
68.116,-90.922
68.224,-93.841
68.333,-91.908
68.441,-85.694
68.550,-90.881
68.658,-91.848
68.767,-92.251
68.875,-90.714
68.984,-90.111
69.092,-88.017
69.201,-88.791
69.309,-89.878
69.418,-89.688
69.526,-87.588
69.635,-86.942
69.743,-87.740
69.852,-88.870
69.960,-88.870
70.068,-87.344
70.177,-89.202
70.285,-89.195
70.394,-90.089
70.502,-88.603
70.611,-88.562
70.719,-88.527
70.828,-90.091
70.936,-89.590
71.045,-90.344
71.153,-90.223
71.262,-88.543
71.370,-90.493
71.479,-88.456
71.587,-87.572
71.696,-88.723
71.804,-86.409
71.913,-88.729
72.021,-81.855
72.130,-85.221
72.238,-79.238
72.347,-84.707
72.455,-88.460
72.563,-89.652
72.672,-87.553
72.780,-89.576
72.889,-84.091
72.997,-83.913
73.106,-91.303
73.214,-90.196
73.323,-91.161
73.431,-89.259
73.540,-89.394
73.648,-90.370
73.757,-85.306
73.865,-89.281
73.974,-90.559
74.082,-90.259
74.191,-60.642
74.299,-60.716
74.408,-83.559
74.516,-90.329
74.625,-89.805
74.733,-89.177
74.842,-88.972
74.950,-90.186
75.058,-88.082
75.167,-89.389
75.275,-75.771
75.384,-87.478
75.492,-87.617
75.601,-87.030
75.709,-80.972
75.818,-78.985
75.926,-82.633
76.035,-83.076
76.143,-86.194
76.252,-82.876
76.360,-86.650
76.469,-83.770
76.577,-84.009
76.686,-84.685
76.794,-80.969
76.903,-83.312
77.011,-81.920
77.120,-84.591
77.228,-83.455
77.337,-84.614
77.445,-84.513
77.553,-85.919
77.662,-86.765
77.770,-86.155
77.879,-87.668
77.987,-87.282
78.096,-85.917
78.204,-87.542
78.313,-77.802
78.421,-85.842
78.530,-80.906
78.638,-80.076
78.747,-88.518
78.855,-87.998
78.964,-90.768
79.072,-88.967
79.181,-91.069
79.289,-90.120
79.398,-89.390
79.506,-90.900
79.615,-89.082
79.723,-90.294
79.832,-84.263
79.940,-88.521
80.048,-85.425
80.157,-92.364
80.265,-91.595
80.374,-94.123
80.482,-90.762
80.591,-91.420
80.699,-92.795
80.808,-93.088
80.916,-93.303
81.025,-92.796
81.133,-92.006
81.242,-90.659
81.350,-85.835
81.459,-83.956
81.567,-92.176
81.676,-93.690
81.784,-92.000
81.893,-92.314
82.001,-91.489
82.110,-88.638
82.218,-90.813
82.327,-91.323
82.435,-89.589
82.543,-90.855
82.652,-90.795
82.760,-89.907
82.869,-85.783
82.977,-85.997
83.086,-92.217
83.194,-92.716
83.303,-91.161
83.411,-88.977
83.520,-92.636
83.628,-93.882
83.737,-93.531
83.845,-92.971
83.954,-80.163
84.062,-86.419
84.171,-92.377
84.279,-91.565
84.388,-91.652
84.496,-85.245
84.605,-91.664
84.713,-92.337
84.822,-94.515
84.930,-93.680
85.038,-92.177
85.147,-90.810
85.255,-93.280
85.364,-92.779
85.472,-83.041
85.581,-82.193
85.689,-78.266
85.798,-93.913
85.906,-91.538
86.015,-87.534
86.123,-87.878
86.232,-94.010
86.340,-89.685
86.449,-92.176
86.557,-93.050
86.666,-90.309
86.774,-89.307
86.883,-92.570
86.991,-91.268
87.100,-87.713
87.208,-87.907
87.317,-90.500
87.425,-86.812
87.533,-84.182
87.642,-88.488
87.750,-89.561
87.859,-89.761
87.967,-88.748
88.076,-88.038
88.184,-90.863
88.293,-88.343
88.401,-92.138
88.510,-89.070
88.618,-93.950
88.727,-93.219
88.835,-91.807
88.944,-92.283
89.052,-85.222
89.161,-92.140
89.269,-92.210
89.378,-93.990
89.486,-92.707
89.595,-91.911
89.703,-94.104
89.812,-93.391
89.920,-90.955
90.028,-93.443
90.137,-95.513
90.245,-92.842
90.354,-92.748
90.462,-95.160
90.571,-92.225
90.679,-92.595
90.788,-96.240
90.896,-94.289
91.005,-87.146
91.113,-86.418
91.222,-94.242
91.330,-85.126
91.439,-95.354
91.547,-95.097
91.656,-95.342
91.764,-91.927
91.873,-96.482
91.981,-96.594
92.090,-95.860
92.198,-83.781
92.307,-94.230
92.415,-93.996
92.523,-94.801
92.632,-95.050
92.740,-93.107
92.849,-95.143
92.957,-96.509
93.066,-94.711
93.174,-95.085
93.283,-94.333
93.391,-96.882
93.500,-97.539
93.608,-95.983
93.717,-92.400
93.825,-92.808
93.934,-94.365
94.042,-92.596
94.151,-87.297
94.259,-96.271
94.368,-96.408
94.476,-96.427
94.585,-92.716
94.693,-96.088
94.802,-81.853
94.910,-79.189
95.018,-86.652
95.127,-97.378
95.235,-91.046
95.344,-95.871
95.452,-96.939
95.561,-94.084
95.669,-93.441
95.778,-89.852
95.886,-82.270
95.995,-80.776
96.103,-91.678
96.212,-97.587
96.320,-98.179
96.429,-96.506
96.537,-98.413
96.646,-97.008
96.754,-95.424
96.863,-98.618
96.971,-87.927
97.080,-98.566
97.188,-96.667
97.297,-84.848
97.405,-88.467
97.513,-98.110
97.622,-98.906
97.730,-95.781
97.839,-96.171
97.947,-94.246
98.056,-84.161
98.164,-84.936
98.273,-87.370
98.381,-96.774
98.490,-94.922
98.598,-97.698
98.707,-99.575
98.815,-97.946
98.924,-96.504
99.032,-83.530
99.141,-81.794
99.249,-96.388
99.358,-97.838
99.466,-96.334
99.575,-97.863
99.683,-95.341
99.792,-86.202
99.900,-78.766
