50.00,-121.55
50.01,-120.80
50.02,-120.78
50.03,-120.27
50.03,-120.56
50.04,-118.59
50.05,-118.77
50.06,-119.47
50.07,-120.30
50.08,-119.61
50.09,-120.20
50.10,-120.68
50.10,-120.54
50.11,-120.67
50.12,-120.72
50.13,-120.81
50.14,-120.19
50.15,-120.77
50.16,-120.38
50.17,-119.26
50.17,-121.54
50.18,-119.26
50.19,-119.05
50.20,-119.86
50.21,-117.99
50.22,-117.77
50.23,-117.62
50.23,-120.48
50.24,-120.50
50.25,-120.16
50.26,-120.09
50.27,-118.85
50.28,-119.40
50.29,-119.82
50.30,-120.30
50.30,-120.58
50.31,-119.40
50.32,-120.70
50.33,-119.87
50.34,-120.80
50.35,-120.62
50.36,-120.16
50.37,-119.63
50.37,-121.02
50.38,-119.51
50.39,-120.00
50.40,-119.57
50.41,-120.39
50.42,-119.75
50.43,-118.70
50.43,-120.42
50.44,-120.24
50.45,-119.39
50.46,-119.72
50.47,-120.73
50.48,-118.63
50.49,-120.84
50.50,-119.87
50.50,-120.03
50.51,-119.82
50.52,-120.50
50.53,-118.69
50.54,-117.73
50.55,-118.24
50.56,-119.25
50.57,-120.42
50.57,-119.68
50.58,-119.63
50.59,-119.61
50.60,-120.62
50.61,-120.67
50.62,-118.21
50.63,-120.40
50.63,-119.15
50.64,-117.34
50.65,-121.26
50.66,-118.73
50.67,-120.82
50.68,-120.19
50.69,-117.68
50.70,-118.95
50.70,-119.41
50.71,-120.04
50.72,-118.34
50.73,-119.99
50.74,-117.68
50.75,-118.27
50.76,-119.03
50.77,-117.46
50.77,-120.16
50.78,-117.95
50.79,-120.30
50.80,-119.16
50.81,-117.57
50.82,-117.98
50.83,-119.33
50.83,-119.95
50.84,-121.36
50.85,-121.32
50.86,-121.27
50.87,-120.16
50.88,-119.68
50.89,-119.46
50.90,-120.26
50.90,-118.54
50.91,-118.42
50.92,-119.14
50.93,-121.07
50.94,-120.32
50.95,-120.73
50.96,-120.78
50.97,-120.12
50.97,-120.65
50.98,-120.83
50.99,-119.37
51.00,-119.78
51.01,-117.81
51.02,-119.82
51.03,-120.70
51.03,-119.38
51.04,-120.31
51.05,-120.35
51.06,-117.13
51.07,-119.64
51.08,-120.87
51.09,-119.71
51.10,-120.25
51.10,-121.07
51.11,-119.69
51.12,-119.43
51.13,-119.39
51.14,-119.93
51.15,-121.81
51.16,-121.82
51.17,-117.45
51.17,-119.49
51.18,-119.84
51.19,-118.00
51.20,-119.99
51.21,-119.13
51.22,-121.79
51.23,-120.77
51.23,-121.74
51.24,-120.85
51.25,-120.47
51.26,-119.32
51.27,-118.75
51.28,-120.87
51.29,-120.48
51.30,-118.55
51.30,-119.29
51.31,-119.96
51.32,-120.83
51.33,-119.16
51.34,-119.39
51.35,-118.59
51.36,-118.20
51.37,-118.93
51.37,-119.52
51.38,-117.57
51.39,-119.98
51.40,-118.79
51.41,-120.44
51.42,-120.23
51.43,-120.03
51.43,-119.65
51.44,-118.83
51.45,-117.17
51.46,-119.03
51.47,-119.18
51.48,-122.43
51.49,-120.40
51.50,-118.72
51.50,-118.58
51.51,-119.69
51.52,-119.52
51.53,-120.72
51.54,-120.28
51.55,-119.13
51.56,-119.84
51.57,-119.55
51.57,-119.50
51.58,-119.63
51.59,-117.46
51.60,-118.80
51.61,-118.49
51.62,-118.42
51.63,-121.95
51.63,-118.48
51.64,-120.46
51.65,-119.18
51.66,-122.01
51.67,-120.15
51.68,-119.81
51.69,-120.16
51.70,-119.14
51.70,-121.60
51.71,-118.26
51.72,-120.26
51.73,-119.28
51.74,-118.38
51.75,-118.13
51.76,-120.06
51.77,-120.24
51.77,-118.72
51.78,-119.70
51.79,-120.64
51.80,-119.12
51.81,-120.70
51.82,-118.36
51.83,-119.92
51.83,-118.76
51.84,-120.47
51.85,-120.01
51.86,-118.14
51.87,-120.88
51.88,-119.25
51.89,-120.51
51.90,-120.11
51.90,-120.19
51.91,-118.19
51.92,-121.04
51.93,-119.45
51.94,-121.12
51.95,-120.22
51.96,-121.07
51.97,-119.94
51.97,-119.89
51.98,-121.16
51.99,-119.21
52.00,-119.15
52.01,-119.78
52.02,-119.25
52.03,-119.57
52.03,-119.11
52.04,-119.19
52.05,-119.62
52.06,-120.53
52.07,-118.18
52.08,-119.75
52.09,-120.42
52.10,-120.52
52.10,-120.71
52.11,-121.91
52.12,-118.53
52.13,-120.25
52.14,-119.40
52.15,-118.21
52.16,-120.38
52.17,-117.60
52.17,-119.67
52.18,-118.38
52.19,-120.76
52.20,-119.94
52.21,-118.75
52.22,-118.46
52.23,-119.24
52.23,-118.85
52.24,-120.54
52.25,-119.07
52.26,-119.27
52.27,-120.04
52.28,-120.83
52.29,-120.74
52.30,-118.83
52.30,-117.85
52.31,-120.02
52.32,-120.35
52.33,-118.32
52.34,-119.39
52.35,-121.01
52.36,-120.04
52.37,-121.67
52.37,-117.91
52.38,-120.30
52.39,-120.52
52.40,-119.61
52.41,-119.64
52.42,-118.21
52.43,-120.08
52.43,-119.78
52.44,-119.43
52.45,-120.90
52.46,-121.17
52.47,-117.93
52.48,-119.05
52.49,-120.60
52.50,-120.58
52.50,-119.13
52.51,-119.78
52.52,-119.37
52.53,-119.01
52.54,-118.72
52.55,-119.59
52.56,-120.51
52.57,-120.28
52.57,-121.15
52.58,-117.87
52.59,-119.11
52.60,-118.34
52.61,-118.63
52.62,-120.10
52.63,-120.08
52.63,-118.85
52.64,-121.54
52.65,-119.21
52.66,-120.31
52.67,-121.41
52.68,-122.11
52.69,-118.33
52.70,-118.95
52.70,-119.86
52.71,-120.30
52.72,-121.19
52.73,-120.60
52.74,-120.41
52.75,-119.54
52.76,-120.03
52.77,-120.60
52.77,-120.38
52.78,-119.84
52.79,-119.21
52.80,-120.15
52.81,-118.37
52.82,-119.50
52.83,-120.27
52.83,-120.17
52.84,-120.66
52.85,-118.27
52.86,-120.71
52.87,-120.67
52.88,-118.86
52.89,-120.03
52.90,-117.52
52.90,-120.68
52.91,-116.49
52.92,-121.06
52.93,-119.23
52.94,-120.82
52.95,-119.48
52.96,-118.84
52.97,-119.43
52.97,-118.47
52.98,-116.54
52.99,-118.34
53.00,-118.19
53.01,-119.98
53.02,-117.88
53.03,-120.55
53.03,-120.42
53.04,-117.11
53.05,-120.11
53.06,-121.07
53.07,-122.56
53.08,-118.81
53.09,-118.66
53.10,-120.16
53.10,-119.35
53.11,-117.90
53.12,-119.24
53.13,-120.35
53.14,-119.80
53.15,-120.07
53.16,-120.38
53.17,-119.34
53.17,-118.14
53.18,-118.73
53.19,-119.55
53.20,-117.27
53.21,-119.46
53.22,-120.30
53.23,-121.15
53.23,-121.20
53.24,-120.21
53.25,-119.53
53.26,-118.93
53.27,-120.71
53.28,-118.16
53.29,-117.86
53.30,-121.41
53.30,-121.24
53.31,-116.28
53.32,-119.24
53.33,-118.58
53.34,-121.04
53.35,-118.63
53.36,-118.98
53.37,-119.07
53.37,-121.50
53.38,-119.51
53.39,-118.59
53.40,-118.71
53.41,-120.32
53.42,-120.73
53.43,-120.03
53.43,-121.55
53.44,-120.53
53.45,-120.61
53.46,-120.09
53.47,-118.18
53.48,-120.37
53.49,-118.49
53.50,-120.89
53.50,-121.95
53.51,-120.68
53.52,-121.08
53.53,-120.61
53.54,-120.66
53.55,-120.83
53.56,-119.68
53.57,-118.96
53.57,-119.75
53.58,-122.08
53.59,-119.89
53.60,-119.79
53.61,-119.46
53.62,-120.26
53.63,-118.75
53.63,-120.11
53.64,-120.61
53.65,-120.31
53.66,-119.92
53.67,-120.17
53.68,-119.25
53.69,-117.97
53.70,-119.42
53.70,-119.99
53.71,-120.43
53.72,-119.34
53.73,-120.42
53.74,-119.66
53.75,-120.18
53.76,-121.12
53.77,-119.82
53.77,-118.59
53.78,-120.17
53.79,-121.04
53.80,-118.02
53.81,-120.13
53.82,-119.55
53.83,-120.48
53.83,-120.38
53.84,-120.31
53.85,-118.69
53.86,-120.54
53.87,-119.87
53.88,-119.58
53.89,-120.47
53.90,-118.34
53.90,-118.39
53.91,-118.87
53.92,-120.28
53.93,-121.35
53.94,-118.37
53.95,-119.98
53.96,-120.25
53.97,-119.00
53.97,-120.16
53.98,-120.64
53.99,-119.94
54.00,-120.07
54.00,-121.03
54.01,-119.36
54.02,-119.72
54.03,-120.23
54.03,-119.67
54.04,-119.03
54.05,-119.87
54.06,-117.94
54.07,-120.17
54.08,-119.18
54.09,-117.45
54.10,-117.44
54.10,-120.72
54.11,-120.49
54.12,-117.59
54.13,-119.50
54.14,-119.20
54.15,-119.55
54.16,-120.32
54.17,-119.77
54.17,-119.41
54.18,-119.89
54.19,-119.78
54.20,-121.58
54.21,-120.04
54.22,-119.66
54.23,-119.21
54.23,-120.34
54.24,-118.69
54.25,-119.18
54.26,-119.62
54.27,-120.13
54.28,-119.82
54.29,-118.28
54.30,-119.17
54.30,-120.17
54.31,-120.14
54.32,-120.32
54.33,-118.78
54.34,-119.47
54.35,-120.71
54.36,-120.43
54.37,-120.42
54.37,-120.89
54.38,-119.67
54.39,-118.21
54.40,-120.75
54.41,-120.64
54.42,-119.79
54.43,-118.02
54.43,-118.84
54.44,-119.37
54.45,-120.23
54.46,-119.60
54.47,-120.49
54.48,-119.44
54.49,-119.83
54.50,-120.26
54.50,-118.06
54.51,-119.32
54.52,-121.18
54.53,-120.02
54.54,-120.12
54.55,-119.73
54.56,-119.90
54.57,-119.25
54.57,-119.72
54.58,-120.63
54.59,-120.37
54.60,-120.25
54.61,-119.18
54.62,-120.53
54.63,-119.61
54.63,-118.82
54.64,-117.77
54.65,-120.23
54.66,-119.97
54.67,-119.95
54.68,-118.60
54.69,-118.95
54.70,-119.77
54.70,-119.57
54.71,-118.55
54.72,-118.70
54.73,-118.80
54.74,-120.60
54.75,-120.05
54.76,-120.62
54.77,-118.67
54.77,-120.65
54.78,-118.98
54.79,-119.29
54.80,-119.42
54.81,-119.76
54.82,-118.96
54.83,-118.66
54.83,-121.44
54.84,-120.25
54.85,-121.28
54.86,-122.30
54.87,-121.14
54.88,-120.63
54.89,-120.44
54.90,-119.27
54.90,-119.09
54.91,-120.46
54.92,-118.72
54.93,-120.39
54.94,-120.08
54.95,-118.51
54.96,-118.69
54.97,-120.34
54.97,-118.93
54.98,-119.74
54.99,-119.61
55.00,-122.44
55.01,-119.91
55.02,-119.83
55.03,-119.57
55.03,-121.19
55.04,-119.47
55.05,-117.84
55.06,-117.83
55.07,-120.20
55.08,-119.02
55.09,-120.10
55.10,-118.01
55.10,-119.72
55.11,-119.90
55.12,-118.84
55.13,-118.32
55.14,-119.53
55.15,-119.41
55.16,-121.25
55.17,-118.15
55.17,-119.98
55.18,-118.30
55.19,-119.59
55.20,-118.77
55.21,-119.73
55.22,-120.02
55.23,-118.37
55.23,-120.04
55.24,-119.78
55.25,-119.95
55.26,-121.42
55.27,-119.86
55.28,-120.10
55.29,-119.75
55.30,-120.75
55.30,-119.84
55.31,-120.10
55.32,-119.70
55.33,-119.26
55.34,-119.13
55.35,-118.20
55.36,-121.09
55.37,-119.62
55.37,-118.61
55.38,-117.40
55.39,-119.82
55.40,-119.32
55.41,-118.61
55.42,-119.43
55.43,-118.66
55.43,-121.05
55.44,-120.02
55.45,-119.71
55.46,-120.30
55.47,-120.05
55.48,-119.18
55.49,-119.44
55.50,-120.38
55.50,-119.98
55.51,-120.57
55.52,-120.98
55.53,-121.70
55.54,-120.04
55.55,-120.68
55.56,-121.09
55.57,-118.92
55.57,-121.91
55.58,-118.81
55.59,-121.01
55.60,-119.77
55.61,-120.27
55.62,-119.57
55.63,-118.67
55.63,-119.07
55.64,-118.86
55.65,-117.39
55.66,-120.59
55.67,-119.40
55.68,-121.59
55.69,-120.50
55.70,-119.32
55.70,-117.97
55.71,-119.31
55.72,-118.63
55.73,-119.83
55.74,-120.45
55.75,-119.59
55.76,-119.58
55.77,-120.14
55.77,-118.43
55.78,-119.70
55.79,-120.13
55.80,-121.96
55.81,-118.64
55.82,-119.51
55.83,-117.48
55.83,-120.13
55.84,-119.55
55.85,-119.26
55.86,-120.71
55.87,-119.75
55.88,-120.36
55.89,-118.55
55.90,-119.29
55.90,-119.41
55.91,-120.00
55.92,-118.17
55.93,-119.57
55.94,-120.73
55.95,-120.38
55.96,-119.94
55.97,-118.24
55.97,-116.75
55.98,-119.46
55.99,-120.18
56.00,-120.00
56.01,-115.95
56.02,-117.67
56.03,-120.14
56.03,-118.16
56.04,-118.35
56.05,-118.33
56.06,-118.29
56.07,-119.27
56.08,-119.52
56.09,-120.75
56.10,-120.86
56.10,-120.23
56.11,-120.66
56.12,-119.95
56.13,-119.18
56.14,-121.53
56.15,-119.82
56.16,-119.10
56.17,-119.74
56.17,-121.64
56.18,-120.12
56.19,-119.34
56.20,-119.27
56.21,-120.46
56.22,-119.23
56.23,-120.35
56.23,-120.42
56.24,-121.15
56.25,-121.11
56.26,-120.11
56.27,-119.77
56.28,-119.05
56.29,-119.74
56.30,-119.52
56.30,-120.54
56.31,-118.63
56.32,-120.69
56.33,-119.47
56.34,-117.73
56.35,-119.20
56.36,-118.92
56.37,-119.63
56.37,-119.07
56.38,-120.09
56.39,-120.21
56.40,-121.72
56.41,-119.44
56.42,-119.76
56.43,-120.94
56.43,-120.17
56.44,-120.23
56.45,-120.19
56.46,-121.04
56.47,-119.81
56.48,-120.72
56.49,-118.77
56.50,-119.50
56.50,-120.56
56.51,-119.36
56.52,-120.03
56.53,-118.93
56.54,-118.90
56.55,-119.66
56.56,-119.12
56.57,-119.69
56.57,-119.30
56.58,-118.39
56.59,-120.14
56.60,-119.22
56.61,-120.75
56.62,-118.86
56.63,-122.39
56.63,-119.99
56.64,-119.82
56.65,-120.10
56.66,-117.63
56.67,-120.22
56.68,-119.22
56.69,-119.70
56.70,-119.67
56.70,-120.33
56.71,-119.53
56.72,-119.13
56.73,-120.32
56.74,-119.49
56.75,-119.14
56.76,-120.70
56.77,-121.34
56.77,-121.29
56.78,-120.73
56.79,-120.63
56.80,-119.93
56.81,-119.62
56.82,-119.64
56.83,-119.35
56.83,-119.43
56.84,-118.43
56.85,-119.64
56.86,-121.65
56.87,-119.13
56.88,-119.61
56.89,-121.19
56.90,-119.61
56.90,-118.71
56.91,-118.81
56.92,-119.63
56.93,-119.65
56.94,-118.11
56.95,-118.24
56.96,-121.92
56.97,-120.25
56.97,-120.01
56.98,-118.86
56.99,-119.78
57.00,-119.89
57.01,-120.23
57.02,-120.67
57.03,-122.00
57.03,-120.02
57.04,-120.63
57.05,-118.21
57.06,-121.08
57.07,-119.68
57.08,-119.95
57.09,-120.93
57.10,-120.08
57.10,-121.06
57.11,-120.98
57.12,-120.28
57.13,-119.31
57.14,-120.40
57.15,-119.59
57.16,-120.50
57.17,-119.80
57.17,-119.17
57.18,-118.50
57.19,-120.57
57.20,-120.39
57.21,-119.82
57.22,-119.16
57.23,-120.39
57.23,-120.34
57.24,-119.50
57.25,-120.97
57.26,-120.07
57.27,-121.73
57.28,-120.58
57.29,-119.43
57.30,-118.37
57.30,-120.86
57.31,-120.04
57.32,-119.90
57.33,-119.66
57.34,-120.63
57.35,-119.22
57.36,-117.47
57.37,-119.48
57.37,-118.61
57.38,-119.95
57.39,-121.32
57.40,-118.63
57.41,-118.89
57.42,-120.50
57.43,-119.87
57.43,-119.90
57.44,-120.49
57.45,-120.60
57.46,-119.64
57.47,-120.52
57.48,-120.29
57.49,-121.88
57.50,-119.54
57.50,-119.30
57.51,-117.36
57.52,-117.03
57.53,-117.15
57.54,-119.83
57.55,-120.59
57.56,-118.95
57.57,-119.57
57.57,-118.35
57.58,-119.86
57.59,-120.00
57.60,-119.93
57.61,-120.29
57.62,-120.89
57.63,-121.92
57.63,-119.68
57.64,-119.30
57.65,-119.49
57.66,-119.79
57.67,-119.46
57.68,-118.94
57.69,-120.31
57.70,-119.44
57.70,-119.83
57.71,-119.84
57.72,-120.91
57.73,-119.42
57.74,-119.26
57.75,-120.43
57.76,-117.81
57.77,-120.19
57.77,-119.77
57.78,-119.86
57.79,-120.93
57.80,-118.52
57.81,-117.92
57.82,-120.57
57.83,-120.44
57.83,-120.26
57.84,-119.37
57.85,-119.00
57.86,-121.07
57.87,-120.29
57.88,-121.58
57.89,-121.26
57.90,-119.03
57.90,-119.67
57.91,-121.06
57.92,-121.69
57.93,-118.37
57.94,-120.81
57.95,-120.13
57.96,-119.39
57.97,-120.27
57.97,-118.26
57.98,-119.97
57.99,-121.08
58.00,-118.74
58.00,-119.67
58.01,-119.25
58.02,-119.66
58.03,-120.16
58.03,-118.74
58.04,-119.06
58.05,-120.30
58.06,-120.42
58.07,-119.09
58.08,-118.77
58.09,-121.70
58.10,-120.12
58.10,-119.30
58.11,-118.38
58.12,-118.83
58.13,-118.39
58.14,-119.64
58.15,-119.35
58.16,-120.76
58.17,-120.28
58.17,-119.81
58.18,-119.23
58.19,-120.76
58.20,-118.52
58.21,-121.00
58.22,-120.90
58.23,-119.48
58.23,-119.19
58.24,-119.00
58.25,-119.90
58.26,-120.83
58.27,-118.85
58.28,-118.91
58.29,-119.32
58.30,-121.13
58.30,-120.58
58.31,-119.07
58.32,-116.90
58.33,-120.19
58.34,-119.17
58.35,-121.04
58.36,-119.44
58.37,-119.27
58.37,-117.88
58.38,-119.75
58.39,-121.26
58.40,-118.71
58.41,-119.60
58.42,-120.17
58.43,-118.74
58.43,-119.03
58.44,-121.19
58.45,-119.86
58.46,-119.31
58.47,-117.94
58.48,-118.72
58.49,-120.55
58.50,-119.67
58.50,-120.72
58.51,-120.25
58.52,-118.82
58.53,-118.47
58.54,-119.31
58.55,-120.41
58.56,-119.25
58.57,-119.31
58.57,-120.00
58.58,-119.46
58.59,-119.73
58.60,-119.27
58.61,-118.78
58.62,-117.53
58.63,-117.86
58.63,-118.64
58.64,-120.04
58.65,-118.82
58.66,-118.90
58.67,-120.66
58.68,-119.19
58.69,-121.31
58.70,-119.41
58.70,-120.06
58.71,-119.78
58.72,-118.50
58.73,-120.85
58.74,-119.17
58.75,-121.60
58.76,-118.46
58.77,-119.22
58.77,-120.04
58.78,-118.79
58.79,-121.76
58.80,-119.53
58.81,-118.79
58.82,-119.15
58.83,-120.10
58.83,-120.70
58.84,-120.28
58.85,-121.32
58.86,-120.97
58.87,-120.05
58.88,-119.46
58.89,-118.81
58.90,-117.38
58.90,-117.37
58.91,-121.01
58.92,-120.49
58.93,-118.68
58.94,-120.11
58.95,-121.24
58.96,-121.43
58.97,-120.15
58.97,-119.78
58.98,-120.05
58.99,-117.22
59.00,-120.42
59.01,-121.09
59.02,-120.09
59.03,-120.91
59.03,-121.34
59.04,-119.60
59.05,-119.85
59.06,-120.70
59.07,-120.95
59.08,-120.00
59.09,-121.32
59.10,-119.27
59.10,-118.99
59.11,-119.92
59.12,-120.41
59.13,-119.11
59.14,-120.58
59.15,-120.43
59.16,-119.20
59.17,-119.88
59.17,-119.01
59.18,-118.77
59.19,-116.27
59.20,-119.46
59.21,-118.70
59.22,-119.58
59.23,-119.83
59.23,-119.82
59.24,-120.76
59.25,-121.29
59.26,-119.71
59.27,-119.50
59.28,-121.42
59.29,-119.35
59.30,-117.95
59.30,-121.26
59.31,-121.10
59.32,-120.45
59.33,-119.93
59.34,-120.59
59.35,-120.71
59.36,-120.57
59.37,-117.38
59.37,-119.81
59.38,-120.63
59.39,-119.54
59.40,-120.44
59.41,-119.74
59.42,-120.33
59.43,-120.79
59.43,-120.08
59.44,-119.43
59.45,-117.35
59.46,-120.05
59.47,-120.23
59.48,-119.29
59.49,-120.20
59.50,-118.92
59.50,-119.44
59.51,-117.30
59.52,-119.90
59.53,-120.22
59.54,-120.00
59.55,-120.06
59.56,-119.70
59.57,-120.43
59.57,-120.80
59.58,-119.99
59.59,-116.41
59.60,-119.95
59.61,-119.66
59.62,-121.44
59.63,-119.85
59.63,-121.20
59.64,-118.80
59.65,-119.86
59.66,-119.91
59.67,-120.39
59.68,-118.56
59.69,-117.85
59.70,-120.67
59.70,-118.03
59.71,-120.10
59.72,-118.97
59.73,-118.62
59.74,-118.51
59.75,-120.32
59.76,-118.14
59.77,-119.71
59.77,-120.54
59.78,-119.86
59.79,-118.34
59.80,-118.57
59.81,-118.33
59.82,-118.15
59.83,-119.95
59.83,-118.39
59.84,-120.45
59.85,-121.09
59.86,-119.91
59.87,-120.26
59.88,-120.14
59.89,-119.14
59.90,-119.43
59.90,-119.93
59.91,-120.58
59.92,-121.54
59.93,-120.16
59.94,-117.33
59.95,-120.28
59.96,-120.25
59.97,-119.48
59.97,-119.11
59.98,-120.16
59.99,-120.61
60.00,-118.65
60.01,-120.25
60.02,-119.72
60.03,-117.41
60.03,-120.49
60.04,-119.04
60.05,-121.34
60.06,-117.25
60.07,-118.88
60.08,-121.60
60.09,-122.18
60.10,-118.14
60.10,-118.79
60.11,-119.90
60.12,-121.13
60.13,-118.95
60.14,-121.89
60.15,-120.17
60.16,-119.36
60.17,-121.33
60.17,-119.76
60.18,-121.43
60.19,-120.51
60.20,-121.51
60.21,-119.44
60.22,-119.61
60.23,-120.03
60.23,-119.87
60.24,-120.43
60.25,-119.14
60.26,-120.18
60.27,-120.24
60.28,-117.68
60.29,-120.88
60.30,-120.50
60.30,-120.64
60.31,-121.26
60.32,-121.56
60.33,-119.40
60.34,-119.88
60.35,-118.14
60.36,-117.16
60.37,-118.56
60.37,-118.68
60.38,-121.58
60.39,-119.53
60.40,-119.09
60.41,-120.61
60.42,-119.16
60.43,-119.06
60.43,-120.18
60.44,-119.48
60.45,-121.58
60.46,-120.19
60.47,-118.95
60.48,-119.77
60.49,-120.73
60.50,-117.94
60.50,-119.05
60.51,-119.35
60.52,-118.46
60.53,-118.14
60.54,-119.89
60.55,-119.64
60.56,-119.38
60.57,-118.22
60.57,-118.28
60.58,-119.87
60.59,-119.32
60.60,-119.35
60.61,-119.31
60.62,-120.00
60.63,-120.74
60.63,-119.53
60.64,-120.88
60.65,-121.34
60.66,-120.82
60.67,-122.02
60.68,-120.26
60.69,-121.28
60.70,-120.64
60.70,-118.26
60.71,-121.52
60.72,-119.90
60.73,-118.32
60.74,-121.23
60.75,-119.98
60.76,-120.69
60.77,-120.92
60.77,-119.60
60.78,-120.05
60.79,-120.62
60.80,-120.14
60.81,-120.72
60.82,-119.37
60.83,-120.66
60.83,-118.02
60.84,-119.47
60.85,-119.67
60.86,-121.41
60.87,-121.07
60.88,-121.17
60.89,-117.84
60.90,-120.74
60.90,-119.73
60.91,-119.59
60.92,-120.79
60.93,-119.07
60.94,-120.19
60.95,-122.47
60.96,-121.74
60.97,-119.29
60.97,-117.77
60.98,-120.67
60.99,-119.44
61.00,-120.41
61.01,-121.05
61.02,-119.42
61.03,-121.83
61.03,-120.74
61.04,-119.11
61.05,-119.74
61.06,-118.72
61.07,-119.95
61.08,-119.69
61.09,-119.57
61.10,-120.80
61.10,-121.05
61.11,-120.63
61.12,-119.56
61.13,-119.92
61.14,-119.44
61.15,-121.53
61.16,-121.12
61.17,-118.95
61.17,-120.46
61.18,-119.88
61.19,-119.27
61.20,-119.76
61.21,-117.67
61.22,-119.48
61.23,-120.05
61.23,-119.76
61.24,-118.59
61.25,-120.07
61.26,-117.88
61.27,-118.19
61.28,-118.10
61.29,-117.78
61.30,-120.10
61.30,-119.02
61.31,-119.96
61.32,-119.75
61.33,-118.94
61.34,-120.35
61.35,-118.72
61.36,-119.05
61.37,-117.84
61.37,-120.37
61.38,-120.28
61.39,-120.12
61.40,-119.91
61.41,-119.35
61.42,-119.19
61.43,-119.52
61.43,-120.83
61.44,-120.24
61.45,-117.18
61.46,-118.85
61.47,-118.52
61.48,-120.26
61.49,-119.08
61.50,-118.99
61.50,-118.73
61.51,-120.25
61.52,-120.46
61.53,-117.30
61.54,-121.97
61.55,-119.24
61.56,-120.13
61.57,-118.32
61.57,-118.83
61.58,-120.50
61.59,-121.16
61.60,-118.95
61.61,-119.67
61.62,-119.47
61.63,-119.00
61.63,-119.07
61.64,-118.30
61.65,-117.60
61.66,-119.39
61.67,-122.23
61.68,-119.72
61.69,-119.21
61.70,-120.28
61.70,-119.60
61.71,-118.00
61.72,-119.22
61.73,-119.62
61.74,-119.27
61.75,-120.29
61.76,-120.01
61.77,-119.63
61.77,-119.89
61.78,-119.24
61.79,-120.14
61.80,-120.28
61.81,-120.08
61.82,-120.18
61.83,-119.31
61.83,-119.77
61.84,-121.05
61.85,-119.19
61.86,-119.73
61.87,-120.88
61.88,-118.36
61.89,-121.01
61.90,-118.97
61.90,-119.77
61.91,-119.99
61.92,-118.77
61.93,-120.57
61.94,-121.51
61.95,-120.43
61.96,-119.62
61.97,-118.95
61.97,-121.98
61.98,-120.58
61.99,-119.82
62.00,-120.87
62.00,-121.04
62.01,-121.13
62.02,-121.30
62.03,-121.37
62.03,-119.44
62.04,-119.53
62.05,-118.96
62.06,-118.83
62.07,-120.06
62.08,-121.03
62.09,-120.46
62.10,-119.04
62.10,-119.82
62.11,-119.90
62.12,-118.30
62.13,-119.73
62.14,-119.25
62.15,-120.13
62.16,-120.28
62.17,-118.49
62.17,-118.98
62.18,-118.61
62.19,-119.68
62.20,-118.91
62.21,-122.05
62.22,-120.35
62.23,-120.32
62.23,-119.51
62.24,-117.76
62.25,-120.78
62.26,-121.12
62.27,-121.13
62.28,-119.83
62.29,-117.81
62.30,-120.22
62.30,-120.46
62.31,-118.53
62.32,-118.42
62.33,-122.29
62.34,-120.01
62.35,-118.34
62.36,-117.39
62.37,-120.12
62.37,-119.82
62.38,-120.71
62.39,-120.80
62.40,-120.15
62.41,-120.62
62.42,-120.42
62.43,-119.11
62.43,-120.09
62.44,-120.20
62.45,-118.87
62.46,-119.75
62.47,-119.98
62.48,-119.64
62.49,-121.01
62.50,-121.16
62.50,-118.50
62.51,-119.89
62.52,-119.15
62.53,-118.77
62.54,-120.55
62.55,-121.76
62.56,-120.71
62.57,-120.27
62.57,-120.82
62.58,-119.58
62.59,-120.61
62.60,-120.40
62.61,-120.26
62.62,-121.48
62.63,-120.61
62.63,-119.25
62.64,-119.65
62.65,-120.95
62.66,-119.51
62.67,-120.52
62.68,-119.90
62.69,-119.39
62.70,-120.31
62.70,-120.66
62.71,-119.51
62.72,-120.88
62.73,-117.67
62.74,-121.23
62.75,-119.90
62.76,-120.51
62.77,-119.75
62.77,-121.28
62.78,-121.24
62.79,-120.57
62.80,-120.55
62.81,-118.94
62.82,-118.85
62.83,-120.51
62.83,-119.32
62.84,-121.00
62.85,-119.46
62.86,-121.33
62.87,-119.65
62.88,-119.11
62.89,-119.91
62.90,-119.85
62.90,-119.46
62.91,-120.65
62.92,-120.59
62.93,-120.69
62.94,-117.38
62.95,-122.12
62.96,-121.47
62.97,-119.83
62.97,-119.65
62.98,-118.97
62.99,-119.65
63.00,-118.71
63.01,-121.65
63.02,-119.60
63.03,-120.23
63.03,-121.88
63.04,-119.03
63.05,-120.76
63.06,-119.57
63.07,-120.39
63.08,-120.90
63.09,-120.13
63.10,-118.88
63.10,-121.55
63.11,-119.98
63.12,-120.03
63.13,-120.26
63.14,-119.90
63.15,-121.10
63.16,-119.42
63.17,-118.82
63.17,-120.28
63.18,-118.81
63.19,-120.17
63.20,-118.87
63.21,-120.52
63.22,-121.22
63.23,-120.39
63.23,-119.71
63.24,-118.51
63.25,-118.45
63.26,-118.64
63.27,-118.39
63.28,-117.19
63.29,-119.08
63.30,-118.30
63.30,-117.10
63.31,-119.29
63.32,-118.60
63.33,-119.54
63.34,-117.94
63.35,-119.28
63.36,-119.09
63.37,-121.24
63.37,-118.96
63.38,-120.57
63.39,-118.69
63.40,-118.15
63.41,-119.69
63.42,-119.71
63.43,-119.69
63.43,-119.28
63.44,-120.18
63.45,-120.15
63.46,-119.32
63.47,-119.40
63.48,-119.46
63.49,-118.55
63.50,-118.80
63.50,-121.04
63.51,-120.29
63.52,-119.91
63.53,-119.46
63.54,-119.88
63.55,-116.89
63.56,-120.91
63.57,-121.45
63.57,-121.36
63.58,-118.01
63.59,-119.23
63.60,-120.05
63.61,-120.83
63.62,-119.73
63.63,-119.86
63.63,-120.04
63.64,-119.08
63.65,-119.89
63.66,-119.07
63.67,-119.95
63.68,-119.20
63.69,-120.17
63.70,-122.20
63.70,-121.55
63.71,-120.15
63.72,-119.64
63.73,-117.86
63.74,-120.31
63.75,-118.85
63.76,-120.55
63.77,-118.19
63.77,-121.04
63.78,-118.71
63.79,-120.73
63.80,-118.53
63.81,-117.44
63.82,-117.53
63.83,-120.60
63.83,-121.29
63.84,-118.58
63.85,-119.81
63.86,-119.96
63.87,-120.62
63.88,-119.08
63.89,-116.74
63.90,-117.71
63.90,-119.26
63.91,-120.01
63.92,-119.61
63.93,-120.18
63.94,-118.61
63.95,-117.60
63.96,-119.68
63.97,-119.66
63.97,-120.45
63.98,-121.68
63.99,-119.68
64.00,-119.84
64.01,-117.63
64.02,-119.66
64.03,-120.13
64.03,-120.49
64.04,-117.58
64.05,-119.21
64.06,-121.06
64.07,-120.55
64.08,-120.48
64.09,-119.81
64.10,-119.85
64.10,-119.58
64.11,-117.85
64.12,-121.16
64.13,-119.24
64.14,-120.60
64.15,-119.86
64.16,-120.61
64.17,-121.09
64.17,-119.83
64.18,-118.96
64.19,-118.82
64.20,-119.02
64.21,-120.15
64.22,-119.94
64.23,-119.64
64.23,-120.91
64.24,-119.46
64.25,-121.38
64.26,-119.55
64.27,-118.91
64.28,-119.02
64.29,-119.92
64.30,-120.13
64.30,-118.22
64.31,-117.47
64.32,-119.97
64.33,-119.86
64.34,-118.94
64.35,-119.06
64.36,-119.04
64.37,-120.56
64.37,-118.14
64.38,-117.60
64.39,-120.27
64.40,-120.83
64.41,-120.47
64.42,-119.26
64.43,-121.80
64.43,-119.65
64.44,-119.39
64.45,-120.60
64.46,-121.02
64.47,-119.58
64.48,-118.20
64.49,-120.16
64.50,-118.63
64.50,-120.70
64.51,-119.75
64.52,-117.21
64.53,-119.83
64.54,-118.83
64.55,-119.61
64.56,-120.09
64.57,-119.16
64.57,-117.23
64.58,-117.61
64.59,-119.22
64.60,-119.27
64.61,-117.12
64.62,-118.10
64.63,-120.03
64.63,-120.70
64.64,-118.68
64.65,-118.34
64.66,-119.00
64.67,-119.81
64.68,-121.32
64.69,-120.52
64.70,-119.06
64.70,-119.75
64.71,-120.73
64.72,-119.58
64.73,-119.76
64.74,-120.29
64.75,-118.92
64.76,-119.58
64.77,-119.12
64.77,-119.21
64.78,-120.16
64.79,-120.10
64.80,-120.73
64.81,-119.10
64.82,-121.03
64.83,-118.79
64.83,-120.73
64.84,-120.07
64.85,-119.35
64.86,-119.53
64.87,-120.79
64.88,-119.46
64.89,-118.62
64.90,-119.11
64.90,-119.07
64.91,-119.31
64.92,-121.67
64.93,-120.07
64.94,-120.34
64.95,-120.29
64.96,-119.58
64.97,-120.62
64.97,-120.01
64.98,-118.91
64.99,-119.82
65.00,-119.68
65.01,-120.93
65.02,-119.41
65.03,-119.86
65.03,-118.56
65.04,-120.07
65.05,-119.57
65.06,-119.41
65.07,-119.61
65.08,-120.74
65.09,-120.45
65.10,-120.42
65.10,-120.54
65.11,-120.01
65.12,-121.31
65.13,-119.96
65.14,-120.33
65.15,-121.09
65.16,-119.27
65.17,-118.65
65.17,-119.49
65.18,-118.85
65.19,-117.79
65.20,-122.04
65.21,-120.15
65.22,-120.69
65.23,-120.31
65.23,-119.79
65.24,-119.16
65.25,-119.39
65.26,-120.77
65.27,-119.01
65.28,-119.47
65.29,-121.20
65.30,-119.98
65.30,-117.73
65.31,-120.88
65.32,-120.13
65.33,-117.78
65.34,-122.10
65.35,-120.61
65.36,-119.30
65.37,-118.97
65.37,-119.12
65.38,-120.13
65.39,-119.78
65.40,-119.33
65.41,-118.13
65.42,-120.74
65.43,-117.34
65.43,-120.17
65.44,-119.62
65.45,-115.79
65.46,-118.59
65.47,-120.11
65.48,-119.94
65.49,-121.64
65.50,-118.29
65.50,-119.56
65.51,-119.08
65.52,-120.95
65.53,-119.14
65.54,-121.05
65.55,-120.69
65.56,-118.50
65.57,-117.00
65.57,-117.47
65.58,-119.59
65.59,-118.03
65.60,-120.66
65.61,-117.40
65.62,-119.06
65.63,-119.44
65.63,-120.53
65.64,-118.83
65.65,-118.96
65.66,-119.61
65.67,-120.67
65.68,-119.80
65.69,-120.47
65.70,-120.72
65.70,-121.58
65.71,-118.78
65.72,-121.31
65.73,-120.32
65.74,-119.09
65.75,-120.22
65.76,-120.34
65.77,-119.75
65.77,-121.04
65.78,-121.18
65.79,-120.96
65.80,-121.13
65.81,-120.60
65.82,-120.56
65.83,-117.43
65.83,-117.92
65.84,-119.78
65.85,-120.61
65.86,-119.28
65.87,-119.90
65.88,-118.36
65.89,-119.81
65.90,-119.80
65.90,-119.53
65.91,-118.88
65.92,-121.23
65.93,-120.20
65.94,-119.79
65.95,-119.00
65.96,-121.39
65.97,-121.42
65.97,-120.35
65.98,-120.14
65.99,-121.69
66.00,-119.66
66.00,-118.06
66.01,-118.19
66.02,-119.81
66.03,-119.42
66.03,-117.85
66.04,-120.94
66.05,-118.25
66.06,-119.04
66.07,-121.01
66.08,-118.81
66.09,-118.97
66.10,-121.46
66.10,-120.00
66.11,-120.80
66.12,-117.66
66.13,-119.35
66.14,-120.11
66.15,-119.42
66.16,-120.31
66.17,-119.74
66.17,-120.00
66.18,-119.42
66.19,-119.91
66.20,-120.02
66.21,-118.34
66.22,-116.89
66.23,-115.30
66.23,-119.34
66.24,-120.92
66.25,-119.38
66.26,-120.84
66.27,-118.18
66.28,-119.64
66.29,-119.32
66.30,-118.95
66.30,-119.66
66.31,-120.22
66.32,-120.45
66.33,-118.38
66.34,-117.63
66.35,-118.42
66.36,-119.29
66.37,-118.61
66.37,-119.49
66.38,-120.08
66.39,-119.19
66.40,-119.19
66.41,-119.45
66.42,-117.72
66.43,-118.63
66.43,-120.52
66.44,-118.03
66.45,-119.59
66.46,-119.08
66.47,-120.03
66.48,-120.40
66.49,-119.31
66.50,-120.49
66.50,-120.67
66.51,-119.74
66.52,-120.73
66.53,-120.89
66.54,-120.11
66.55,-120.44
66.56,-119.07
66.57,-119.24
66.57,-120.13
66.58,-120.24
66.59,-121.62
66.60,-119.62
66.61,-119.56
66.62,-120.43
66.63,-121.28
66.63,-120.09
66.64,-119.81
66.65,-118.77
66.66,-117.86
66.67,-119.16
66.68,-118.92
66.69,-120.64
66.70,-118.86
66.70,-120.57
66.71,-119.16
66.72,-119.58
66.73,-119.62
66.74,-121.61
66.75,-117.84
66.76,-119.27
66.77,-118.81
66.77,-120.42
66.78,-119.28
66.79,-121.33
66.80,-120.89
66.81,-118.73
66.82,-120.47
66.83,-120.17
66.83,-118.89
66.84,-117.79
66.85,-120.22
66.86,-119.65
66.87,-119.34
66.88,-118.62
66.89,-121.84
66.90,-120.76
66.90,-119.51
66.91,-117.66
66.92,-119.97
66.93,-119.36
66.94,-119.10
66.95,-120.32
66.96,-119.33
66.97,-118.72
66.97,-119.98
66.98,-121.25
66.99,-119.76
67.00,-120.19
67.01,-119.67
67.02,-121.04
67.03,-118.80
67.03,-119.34
67.04,-117.90
67.05,-119.52
67.06,-118.40
67.07,-117.51
67.08,-120.49
67.09,-120.12
67.10,-119.28
67.10,-118.89
67.11,-119.53
67.12,-118.85
67.13,-120.70
67.14,-120.58
67.15,-120.37
67.16,-118.81
67.17,-119.97
67.17,-119.01
67.18,-118.68
67.19,-119.93
67.20,-120.01
67.21,-120.93
67.22,-119.63
67.23,-119.37
67.23,-119.96
67.24,-119.36
67.25,-120.28
67.26,-119.40
67.27,-121.19
67.28,-119.79
67.29,-121.21
67.30,-120.08
67.30,-119.99
67.31,-119.11
67.32,-121.59
67.33,-119.75
67.34,-119.84
67.35,-119.71
67.36,-119.09
67.37,-118.20
67.37,-119.14
67.38,-117.75
67.39,-119.06
67.40,-118.38
67.41,-119.75
67.42,-120.82
67.43,-120.05
67.43,-119.37
67.44,-118.41
67.45,-120.23
67.46,-120.20
67.47,-120.46
67.48,-119.52
67.49,-118.44
67.50,-121.07
67.50,-119.86
67.51,-119.64
67.52,-119.46
67.53,-118.91
67.54,-119.98
67.55,-118.63
67.56,-118.66
67.57,-119.93
67.57,-119.86
67.58,-120.08
67.59,-119.95
67.60,-118.86
67.61,-120.33
67.62,-121.14
67.63,-118.67
67.63,-120.64
67.64,-119.55
67.65,-120.50
67.66,-119.03
67.67,-118.37
67.68,-120.36
67.69,-117.34
67.70,-120.28
67.70,-119.88
67.71,-119.87
67.72,-119.08
67.73,-118.69
67.74,-120.15
67.75,-119.94
67.76,-119.18
67.77,-120.17
67.77,-120.10
67.78,-120.37
67.79,-120.94
67.80,-120.70
67.81,-118.82
67.82,-117.94
67.83,-119.31
67.83,-118.86
67.84,-119.22
67.85,-118.48
67.86,-121.46
67.87,-120.12
67.88,-119.78
67.89,-118.62
67.90,-120.06
67.90,-121.43
67.91,-117.62
67.92,-119.59
67.93,-119.52
67.94,-119.88
67.95,-117.90
67.96,-119.68
67.97,-120.00
67.97,-119.86
67.98,-119.26
67.99,-120.34
68.00,-119.59
68.01,-120.43
68.02,-118.90
68.03,-117.12
68.03,-121.34
68.04,-119.35
68.05,-119.43
68.06,-119.79
68.07,-120.03
68.08,-120.63
68.09,-119.36
68.10,-120.43
68.10,-120.56
68.11,-119.54
68.12,-118.77
68.13,-119.18
68.14,-119.60
68.15,-120.49
68.16,-119.05
68.17,-119.02
68.17,-121.72
68.18,-118.81
68.19,-119.13
68.20,-120.42
68.21,-119.90
68.22,-122.29
68.23,-120.01
68.23,-119.42
68.24,-119.66
68.25,-117.52
68.26,-117.64
68.27,-120.43
68.28,-118.61
68.29,-119.90
68.30,-119.57
68.30,-117.32
68.31,-120.06
68.32,-121.68
68.33,-120.51
68.34,-121.12
68.35,-120.93
68.36,-119.69
68.37,-121.00
68.37,-121.36
68.38,-120.56
68.39,-118.68
68.40,-118.33
68.41,-118.25
68.42,-120.12
68.43,-118.77
68.43,-119.79
68.44,-121.14
68.45,-120.83
68.46,-119.02
68.47,-119.67
68.48,-118.07
68.49,-118.72
68.50,-118.02
68.50,-121.18
68.51,-117.78
68.52,-119.10
68.53,-119.94
68.54,-120.09
68.55,-119.09
68.56,-119.80
68.57,-119.62
68.57,-119.43
68.58,-119.90
68.59,-120.17
68.60,-121.78
68.61,-120.77
68.62,-121.12
68.63,-120.32
68.63,-122.25
68.64,-119.93
68.65,-120.78
68.66,-119.25
68.67,-119.01
68.68,-117.89
68.69,-120.07
68.70,-119.28
68.70,-121.26
68.71,-120.24
68.72,-121.75
68.73,-118.72
68.74,-119.77
68.75,-121.32
68.76,-120.46
68.77,-119.30
68.77,-117.56
68.78,-119.08
68.79,-120.33
68.80,-120.67
68.81,-120.17
68.82,-118.21
68.83,-118.91
68.83,-119.00
68.84,-118.31
68.85,-120.10
68.86,-119.28
68.87,-118.70
68.88,-119.46
68.89,-120.31
68.90,-119.46
68.90,-119.89
68.91,-119.50
68.92,-120.37
68.93,-120.32
68.94,-117.33
68.95,-119.41
68.96,-119.63
68.97,-118.45
68.97,-120.02
68.98,-119.68
68.99,-118.29
69.00,-118.95
69.01,-120.06
69.02,-118.80
69.03,-120.67
69.03,-119.92
69.04,-120.78
69.05,-121.97
69.06,-120.52
69.07,-120.88
69.08,-117.27
69.09,-120.42
69.10,-119.30
69.10,-120.49
69.11,-120.09
69.12,-121.01
69.13,-119.47
69.14,-120.40
69.15,-119.29
69.16,-120.01
69.17,-120.43
69.17,-120.90
69.18,-122.02
69.19,-120.57
69.20,-120.11
69.21,-119.97
69.22,-117.82
69.23,-118.07
69.23,-118.45
69.24,-118.53
69.25,-119.78
69.26,-118.93
69.27,-120.52
69.28,-120.93
69.29,-119.39
69.30,-119.54
69.30,-120.90
69.31,-121.22
69.32,-121.51
69.33,-118.86
69.34,-118.18
69.35,-120.26
69.36,-120.58
69.37,-118.95
69.37,-119.18
69.38,-120.98
69.39,-117.98
69.40,-119.30
69.41,-121.23
69.42,-119.73
69.43,-120.49
69.43,-119.19
69.44,-120.81
69.45,-121.86
69.46,-118.35
69.47,-121.37
69.48,-120.88
69.49,-120.47
69.50,-118.14
69.50,-119.47
69.51,-119.68
69.52,-121.92
69.53,-119.61
69.54,-118.92
69.55,-120.17
69.56,-119.84
69.57,-120.54
69.57,-119.68
69.58,-119.41
69.59,-121.25
69.60,-121.23
69.61,-120.31
69.62,-120.06
69.63,-118.36
69.63,-118.41
69.64,-116.89
69.65,-119.54
69.66,-120.66
69.67,-119.83
69.68,-119.40
69.69,-119.87
69.70,-120.19
69.70,-119.74
69.71,-119.50
69.72,-120.08
69.73,-120.53
69.74,-117.66
69.75,-119.81
69.76,-121.58
69.77,-119.35
69.77,-119.85
69.78,-120.21
69.79,-118.47
69.80,-116.91
69.81,-117.68
69.82,-118.50
69.83,-120.38
69.83,-119.76
69.84,-119.42
69.85,-119.15
69.86,-118.69
69.87,-118.99
69.88,-118.54
69.89,-119.16
69.90,-120.01
69.90,-119.61
69.91,-119.43
69.92,-120.16
69.93,-119.34
69.94,-121.59
69.95,-119.28
69.96,-118.22
69.97,-118.68
69.97,-116.32
69.98,-119.37
69.99,-119.45
70.00,-121.43
70.00,-117.72
70.01,-120.03
70.02,-120.02
70.03,-119.75
70.03,-119.77
70.04,-119.83
70.05,-119.90
70.06,-120.27
70.07,-118.17
70.08,-120.33
70.09,-120.53
70.10,-119.55
70.10,-120.55
70.11,-117.25
70.12,-117.71
70.13,-120.52
70.14,-119.48
70.15,-119.25
70.16,-118.82
70.17,-120.26
70.17,-119.83
70.18,-118.48
70.19,-120.11
70.20,-121.00
70.21,-119.80
70.22,-116.89
70.23,-118.03
70.23,-119.24
70.24,-119.74
70.25,-120.34
70.26,-116.95
70.27,-119.86
70.28,-120.55
70.29,-120.22
70.30,-117.75
70.30,-119.16
70.31,-118.31
70.32,-120.81
70.33,-119.13
70.34,-120.29
70.35,-119.52
70.36,-116.30
70.37,-120.11
70.37,-120.48
70.38,-119.86
70.39,-119.67
70.40,-120.07
70.41,-118.81
70.42,-118.72
70.43,-120.16
70.43,-120.09
70.44,-120.27
70.45,-118.50
70.46,-119.81
70.47,-119.21
70.48,-118.47
70.49,-118.68
70.50,-118.63
70.50,-118.85
70.51,-118.18
70.52,-119.90
70.53,-120.15
70.54,-120.14
70.55,-119.61
70.56,-119.97
70.57,-119.25
70.57,-119.20
70.58,-118.81
70.59,-118.94
70.60,-119.07
70.61,-118.79
70.62,-118.66
70.63,-119.24
70.63,-119.82
70.64,-119.30
70.65,-120.33
70.66,-119.49
70.67,-119.84
70.68,-120.24
70.69,-119.38
70.70,-120.35
70.70,-118.38
70.71,-119.75
70.72,-119.07
70.73,-118.90
70.74,-118.79
70.75,-117.43
70.76,-119.51
70.77,-118.29
70.77,-119.27
70.78,-120.38
70.79,-119.55
70.80,-120.72
70.81,-119.72
70.82,-120.12
70.83,-119.77
70.83,-119.09
70.84,-119.67
70.85,-118.11
70.86,-119.37
70.87,-120.86
70.88,-120.19
70.89,-118.83
70.90,-120.82
70.90,-121.33
70.91,-117.33
70.92,-117.59
70.93,-120.47
70.94,-118.93
70.95,-119.04
70.96,-119.43
70.97,-120.07
70.97,-118.34
70.98,-119.45
70.99,-120.07
71.00,-118.58
71.01,-120.41
71.02,-118.05
71.03,-119.56
71.03,-119.16
71.04,-120.94
71.05,-120.10
71.06,-120.56
71.07,-119.15
71.08,-120.45
71.09,-121.19
71.10,-120.79
71.10,-117.73
71.11,-119.78
71.12,-120.85
71.13,-120.80
71.14,-117.92
71.15,-119.40
71.16,-119.12
71.17,-119.93
71.17,-118.53
71.18,-119.66
71.19,-122.00
71.20,-117.89
71.21,-120.48
71.22,-119.76
71.23,-120.17
71.23,-119.69
71.24,-120.02
71.25,-119.78
71.26,-117.52
71.27,-118.34
71.28,-119.75
71.29,-117.73
71.30,-119.40
71.30,-119.92
71.31,-118.18
71.32,-119.49
71.33,-117.73
71.34,-119.00
71.35,-120.42
71.36,-120.07
71.37,-120.03
71.37,-121.43
71.38,-118.83
71.39,-120.65
71.40,-118.70
71.41,-119.81
71.42,-120.55
71.43,-118.79
71.43,-120.60
71.44,-119.96
71.45,-118.50
71.46,-119.74
71.47,-118.23
71.48,-121.45
71.49,-121.37
71.50,-119.32
71.50,-119.42
71.51,-118.63
71.52,-117.64
71.53,-120.59
71.54,-117.79
71.55,-119.72
71.56,-120.11
71.57,-118.50
71.57,-118.52
71.58,-121.23
71.59,-121.69
71.60,-118.69
71.61,-119.78
71.62,-120.41
71.63,-119.17
71.63,-118.34
71.64,-120.55
71.65,-119.45
71.66,-118.98
71.67,-118.72
71.68,-120.21
71.69,-118.46
71.70,-118.86
71.70,-119.14
71.71,-120.70
71.72,-119.70
71.73,-118.49
71.74,-119.64
71.75,-118.93
71.76,-118.40
71.77,-119.89
71.77,-120.94
71.78,-119.75
71.79,-119.96
71.80,-118.16
71.81,-119.72
71.82,-119.74
71.83,-120.32
71.83,-119.51
71.84,-118.02
71.85,-119.45
71.86,-119.65
71.87,-119.34
71.88,-119.53
71.89,-118.04
71.90,-121.15
71.90,-119.53
71.91,-121.62
71.92,-118.71
71.93,-119.33
71.94,-120.52
71.95,-119.50
71.96,-118.35
71.97,-120.51
71.97,-120.57
71.98,-119.01
71.99,-118.60
72.00,-119.54
72.01,-119.58
72.02,-121.70
72.03,-119.61
72.03,-120.33
72.04,-122.29
72.05,-120.76
72.06,-121.18
72.07,-120.36
72.08,-118.98
72.09,-121.08
72.10,-118.57
72.10,-119.54
72.11,-120.60
72.12,-119.00
72.13,-120.05
72.14,-121.39
72.15,-119.50
72.16,-118.40
72.17,-119.11
72.17,-119.99
72.18,-118.91
72.19,-119.92
72.20,-118.94
72.21,-120.46
72.22,-118.17
72.23,-120.28
72.23,-120.46
72.24,-119.47
72.25,-119.28
72.26,-119.14
72.27,-120.46
72.28,-119.07
72.29,-120.44
72.30,-118.21
72.30,-118.76
72.31,-118.38
72.32,-119.72
72.33,-120.43
72.34,-118.71
72.35,-121.16
72.36,-121.57
72.37,-121.05
72.37,-122.16
72.38,-120.57
72.39,-120.51
72.40,-119.91
72.41,-118.90
72.42,-118.77
72.43,-119.29
72.43,-119.85
72.44,-119.41
72.45,-119.39
72.46,-121.08
72.47,-121.14
72.48,-120.81
72.49,-121.25
72.50,-119.93
72.50,-121.91
72.51,-119.15
72.52,-117.39
72.53,-118.79
72.54,-120.09
72.55,-120.09
72.56,-121.81
72.57,-121.10
72.57,-120.92
72.58,-118.24
72.59,-119.92
72.60,-117.41
72.61,-119.73
72.62,-119.03
72.63,-120.02
72.63,-118.01
72.64,-118.78
72.65,-120.05
72.66,-119.99
72.67,-119.63
72.68,-121.18
72.69,-119.44
72.70,-119.16
72.70,-120.04
72.71,-119.90
72.72,-117.92
72.73,-120.90
72.74,-118.30
72.75,-119.48
72.76,-120.44
72.77,-120.33
72.77,-121.38
72.78,-119.23
72.79,-120.41
72.80,-120.26
72.81,-120.51
72.82,-119.52
72.83,-120.71
72.83,-118.77
72.84,-119.72
72.85,-120.64
72.86,-121.25
72.87,-118.30
72.88,-120.88
72.89,-119.49
72.90,-120.02
72.90,-117.12
72.91,-120.87
72.92,-118.68
72.93,-120.50
72.94,-119.39
72.95,-121.53
72.96,-119.67
72.97,-120.28
72.97,-119.99
72.98,-120.59
72.99,-120.07
73.00,-120.65
73.01,-118.86
73.02,-118.43
73.03,-119.74
73.03,-120.17
73.04,-119.85
73.05,-120.04
73.06,-119.04
73.07,-120.41
73.08,-119.78
73.09,-118.32
73.10,-119.03
73.10,-120.55
73.11,-121.31
73.12,-119.61
73.13,-119.45
73.14,-118.36
73.15,-118.42
73.16,-118.98
73.17,-119.33
73.17,-121.17
73.18,-120.24
73.19,-119.07
73.20,-121.48
73.21,-120.92
73.22,-119.28
73.23,-116.28
73.23,-118.53
73.24,-119.71
73.25,-120.58
73.26,-119.47
73.27,-118.17
73.28,-119.78
73.29,-120.54
73.30,-119.58
73.30,-119.80
73.31,-117.96
73.32,-118.28
73.33,-118.22
73.34,-119.86
73.35,-119.56
73.36,-121.01
73.37,-119.76
73.37,-122.12
73.38,-121.68
73.39,-121.00
73.40,-120.89
73.41,-119.88
73.42,-120.35
73.43,-118.44
73.43,-118.41
73.44,-120.41
73.45,-120.64
73.46,-117.85
73.47,-119.39
73.48,-120.37
73.49,-119.75
73.50,-118.81
73.50,-120.11
73.51,-118.52
73.52,-119.35
73.53,-120.61
73.54,-118.49
73.55,-121.15
73.56,-119.64
73.57,-120.02
73.57,-120.51
73.58,-120.91
73.59,-119.36
73.60,-119.80
73.61,-121.71
73.62,-120.27
73.63,-120.39
73.63,-120.95
73.64,-118.90
73.65,-119.27
73.66,-120.47
73.67,-120.42
73.68,-120.47
73.69,-119.68
73.70,-119.44
73.70,-118.21
73.71,-119.08
73.72,-119.64
73.73,-120.16
73.74,-118.32
73.75,-121.22
73.76,-120.49
73.77,-121.16
73.77,-119.82
73.78,-119.85
73.79,-119.90
73.80,-118.73
73.81,-119.09
73.82,-119.25
73.83,-119.66
73.83,-120.79
73.84,-118.46
73.85,-120.79
73.86,-120.24
73.87,-120.92
73.88,-118.70
73.89,-118.08
73.90,-120.34
73.90,-118.22
73.91,-117.37
73.92,-120.25
73.93,-120.90
73.94,-120.46
73.95,-120.38
73.96,-120.01
73.97,-119.47
73.97,-118.41
73.98,-117.88
73.99,-120.64
74.00,-117.90
74.00,-118.97
74.01,-115.87
74.02,-120.34
74.03,-120.55
74.03,-120.66
74.04,-121.24
74.05,-119.32
74.06,-118.96
74.07,-119.47
74.08,-119.09
74.09,-119.69
74.10,-121.39
74.10,-120.83
74.11,-119.42
74.12,-120.04
74.13,-120.27
74.14,-117.76
74.15,-119.51
74.16,-120.52
74.17,-119.59
74.17,-121.14
74.18,-121.07
74.19,-119.17
74.20,-118.49
74.21,-120.19
74.22,-117.68
74.23,-118.37
74.23,-118.33
74.24,-119.69
74.25,-119.99
74.26,-118.18
74.27,-119.82
74.28,-119.35
74.29,-119.00
74.30,-120.36
74.30,-120.84
74.31,-119.62
74.32,-119.29
74.33,-118.16
74.34,-118.86
74.35,-120.71
74.36,-119.54
74.37,-119.85
74.37,-118.72
74.38,-120.86
74.39,-120.22
74.40,-118.68
74.41,-120.13
74.42,-121.44
74.43,-119.84
74.43,-120.74
74.44,-119.06
74.45,-120.13
74.46,-120.02
74.47,-119.97
74.48,-120.09
74.49,-116.93
74.50,-119.59
74.50,-118.76
74.51,-119.13
74.52,-118.60
74.53,-119.00
74.54,-118.02
74.55,-119.10
74.56,-120.06
74.57,-120.15
74.57,-119.93
74.58,-120.26
74.59,-119.62
74.60,-118.40
74.61,-119.61
74.62,-120.69
74.63,-120.72
74.63,-120.64
74.64,-119.84
74.65,-118.74
74.66,-119.11
74.67,-120.56
74.68,-120.66
74.69,-119.64
74.70,-121.94
74.70,-120.31
74.71,-119.91
74.72,-119.08
74.73,-119.77
74.74,-120.25
74.75,-120.35
74.76,-119.09
74.77,-119.18
74.77,-120.96
74.78,-120.00
74.79,-119.74
74.80,-119.86
74.81,-119.30
74.82,-119.27
74.83,-122.56
74.83,-119.59
74.84,-121.22
74.85,-119.67
74.86,-120.03
74.87,-118.92
74.88,-120.52
74.89,-118.82
74.90,-118.79
74.90,-120.42
74.91,-120.52
74.92,-120.11
74.93,-119.32
74.94,-121.12
74.95,-119.99
74.96,-119.98
74.97,-120.70
74.97,-119.68
74.98,-119.45
74.99,-119.35
75.00,-118.81
75.01,-118.98
75.02,-120.39
75.03,-120.34
75.03,-120.79
75.04,-120.36
75.05,-119.00
75.06,-119.11
75.07,-119.65
75.08,-120.89
75.09,-119.74
75.10,-120.38
75.10,-118.94
75.11,-119.81
75.12,-121.12
75.13,-120.53
75.14,-121.08
75.15,-116.89
75.16,-119.08
75.17,-120.54
75.17,-119.50
75.18,-120.18
75.19,-119.67
75.20,-120.53
75.21,-119.60
75.22,-119.91
75.23,-119.06
75.23,-118.44
75.24,-119.58
75.25,-119.14
75.26,-119.96
75.27,-121.09
75.28,-120.24
75.29,-118.15
75.30,-119.25
75.30,-120.16
75.31,-119.51
75.32,-117.85
75.33,-120.61
75.34,-119.57
75.35,-119.12
75.36,-120.33
75.37,-119.41
75.37,-120.61
75.38,-119.99
75.39,-120.16
75.40,-117.96
75.41,-119.34
75.42,-118.84
75.43,-119.78
75.43,-120.33
75.44,-118.13
75.45,-120.57
75.46,-119.35
75.47,-119.59
75.48,-120.64
75.49,-120.31
75.50,-119.23
75.50,-120.42
75.51,-119.72
75.52,-121.01
75.53,-119.58
75.54,-119.21
75.55,-119.70
75.56,-120.47
75.57,-119.93
75.57,-119.36
75.58,-121.09
75.59,-119.07
75.60,-118.98
75.61,-116.40
75.62,-120.02
75.63,-118.36
75.63,-121.03
75.64,-121.49
75.65,-120.02
75.66,-120.72
75.67,-118.74
75.68,-119.51
75.69,-120.43
75.70,-117.95
75.70,-119.33
75.71,-121.09
75.72,-120.08
75.73,-117.33
75.74,-120.78
75.75,-118.54
75.76,-118.40
75.77,-118.71
75.77,-117.05
75.78,-120.17
75.79,-120.54
75.80,-118.28
75.81,-120.74
75.82,-119.66
75.83,-120.26
75.83,-119.96
75.84,-120.79
75.85,-117.34
75.86,-118.38
75.87,-119.58
75.88,-119.15
75.89,-120.16
75.90,-120.20
75.90,-119.73
75.91,-118.28
75.92,-120.10
75.93,-118.77
75.94,-120.53
75.95,-121.19
75.96,-120.56
75.97,-120.79
75.97,-118.56
75.98,-120.06
75.99,-120.07
76.00,-121.62
76.01,-119.44
76.02,-120.71
76.03,-118.74
76.03,-119.71
76.04,-119.66
76.05,-120.55
76.06,-119.80
76.07,-120.52
76.08,-119.64
76.09,-119.15
76.10,-118.39
76.10,-119.64
76.11,-118.12
76.12,-119.72
76.13,-118.29
76.14,-119.59
76.15,-118.35
76.16,-118.99
76.17,-120.96
76.17,-120.04
76.18,-119.71
76.19,-120.49
76.20,-118.48
76.21,-119.91
76.22,-119.45
76.23,-119.66
76.23,-119.55
76.24,-120.73
76.25,-120.48
76.26,-120.68
76.27,-119.06
76.28,-121.02
76.29,-120.30
76.30,-120.13
76.30,-119.54
76.31,-120.10
76.32,-121.02
76.33,-120.48
76.34,-121.31
76.35,-120.30
76.36,-118.19
76.37,-118.93
76.37,-119.25
76.38,-120.86
76.39,-120.26
76.40,-120.71
76.41,-118.46
76.42,-119.62
76.43,-120.08
76.43,-121.05
76.44,-121.75
76.45,-120.41
76.46,-119.74
76.47,-118.88
76.48,-118.90
76.49,-118.70
76.50,-121.09
76.50,-121.90
76.51,-120.90
76.52,-120.30
76.53,-119.15
76.54,-120.45
76.55,-118.85
76.56,-118.94
76.57,-119.75
76.57,-120.57
76.58,-118.87
76.59,-119.11
76.60,-118.93
76.61,-118.83
76.62,-120.46
76.63,-120.43
76.63,-119.30
76.64,-118.53
76.65,-119.23
76.66,-119.03
76.67,-117.89
76.68,-117.98
76.69,-118.12
76.70,-119.77
76.70,-119.50
76.71,-119.67
76.72,-119.72
76.73,-118.80
76.74,-118.98
76.75,-120.19
76.76,-120.07
76.77,-120.70
76.77,-118.75
76.78,-118.18
76.79,-120.56
76.80,-119.50
76.81,-120.06
76.82,-119.68
76.83,-118.11
76.83,-116.49
76.84,-120.66
76.85,-120.14
76.86,-121.47
76.87,-118.94
76.88,-119.68
76.89,-119.35
76.90,-120.12
76.90,-119.99
76.91,-120.01
76.92,-120.32
76.93,-118.98
76.94,-119.22
76.95,-121.63
76.96,-121.35
76.97,-120.74
76.97,-118.49
76.98,-118.20
76.99,-120.70
77.00,-119.71
77.01,-118.60
77.02,-118.95
77.03,-119.96
77.03,-118.08
77.04,-119.31
77.05,-120.15
77.06,-119.28
77.07,-118.96
77.08,-119.79
77.09,-122.16
77.10,-119.47
77.10,-118.86
77.11,-119.82
77.12,-119.70
77.13,-119.27
77.14,-120.55
77.15,-120.17
77.16,-118.88
77.17,-118.58
77.17,-121.06
77.18,-120.30
77.19,-119.55
77.20,-119.23
77.21,-120.20
77.22,-118.40
77.23,-119.28
77.23,-119.54
77.24,-120.37
77.25,-119.98
77.26,-121.08
77.27,-119.34
77.28,-121.12
77.29,-119.78
77.30,-120.00
77.30,-121.21
77.31,-119.90
77.32,-120.79
77.33,-117.12
77.34,-121.13
77.35,-120.85
77.36,-117.68
77.37,-120.01
77.37,-116.30
77.38,-118.48
77.39,-119.47
77.40,-119.51
77.41,-120.23
77.42,-118.41
77.43,-121.53
77.43,-118.86
77.44,-118.98
77.45,-117.61
77.46,-119.24
77.47,-118.33
77.48,-121.39
77.49,-120.96
77.50,-118.19
77.50,-121.38
77.51,-119.32
77.52,-121.06
77.53,-118.97
77.54,-118.96
77.55,-119.24
77.56,-119.09
77.57,-119.23
77.57,-118.85
77.58,-119.74
77.59,-119.23
77.60,-117.93
77.61,-118.35
77.62,-120.70
77.63,-119.15
77.63,-118.59
77.64,-121.06
77.65,-121.05
77.66,-119.54
77.67,-122.65
77.68,-119.91
77.69,-120.43
77.70,-117.81
77.70,-121.02
77.71,-119.14
77.72,-119.48
77.73,-120.25
77.74,-119.03
77.75,-117.90
77.76,-119.90
77.77,-120.98
77.77,-120.67
77.78,-118.57
77.79,-118.79
77.80,-119.08
77.81,-118.29
77.82,-119.16
77.83,-119.95
77.83,-119.69
77.84,-119.08
77.85,-118.59
77.86,-119.26
77.87,-120.39
77.88,-119.51
77.89,-120.73
77.90,-119.12
77.90,-118.62
77.91,-120.05
77.92,-119.06
77.93,-120.82
77.94,-119.79
77.95,-118.75
77.96,-119.89
77.97,-119.37
77.97,-119.21
77.98,-117.71
77.99,-119.72
78.00,-118.49
