50.000,0.000
51.176,0.000
52.351,0.000
53.527,0.000
54.702,0.000
55.878,0.000
57.054,0.000
58.229,0.000
59.405,0.000
60.580,0.000
61.756,0.000
62.932,0.000
64.107,0.000
65.283,0.000
66.458,0.000
67.634,0.000
68.810,0.000
69.985,0.000
71.161,0.000
72.336,0.000
73.512,0.000
74.688,0.000
75.863,0.000
77.039,0.000
78.214,0.000
79.390,0.000
80.566,0.000
81.741,0.000
82.917,0.000
84.092,0.000
85.268,0.000
86.444,0.000
87.619,0.000
88.795,0.000
89.970,0.000
91.146,0.000
92.322,0.000
93.497,0.000
94.673,0.000
95.848,0.000
97.024,0.000
98.200,0.000
99.375,0.000
100.551,0.000
101.726,0.000
102.902,0.000
104.077,0.000
105.253,0.000
106.429,0.000
107.604,0.000
108.780,0.000
109.955,0.000
111.131,0.000
112.307,0.000
113.482,0.000
114.658,0.000
115.833,0.000
117.009,0.000
118.185,0.000
119.360,0.000
120.536,0.000
121.711,0.000
122.887,0.000
124.063,0.000
125.238,0.000
126.414,0.000
127.589,0.000
128.765,0.000
129.941,0.000
131.116,0.000
132.292,0.000
133.467,0.000
134.643,0.000
135.819,0.000
136.994,0.000
138.170,0.000
139.345,0.000
140.521,0.000
141.697,0.000
142.872,0.000
144.048,0.000
145.223,0.000
146.399,0.000
147.575,0.000
148.750,0.000
149.926,0.000
151.101,0.000
152.277,0.000
153.453,0.000
154.628,0.000
155.804,0.000
156.979,0.000
158.155,0.000
159.331,0.000
160.506,0.000
161.682,0.000
162.857,0.000
164.033,0.000
165.209,0.000
166.384,0.000
167.560,0.000
168.735,0.000
169.911,0.000
171.087,0.000
172.262,0.000
173.438,0.000
174.613,0.000
175.789,0.000
176.965,0.000
178.140,0.000
179.316,0.000
180.491,0.000
181.667,0.000
182.843,0.000
184.018,0.000
185.194,0.000
186.369,0.000
187.545,0.000
188.721,0.000
189.896,0.000
191.072,0.000
192.247,0.000
193.423,0.000
194.599,0.000
195.774,0.000
196.950,0.000
198.125,0.000
199.301,0.000
200.477,0.000
201.652,0.000
202.828,0.000
204.003,0.000
205.179,0.000
206.355,0.000
207.530,0.000
208.706,0.000
209.881,0.000
211.057,0.000
212.232,0.000
213.408,0.000
214.584,0.000
215.759,0.000
216.935,0.000
218.110,0.000
219.286,0.000
220.462,0.000
221.637,0.000
222.813,0.000
223.988,0.000
225.164,0.000
226.340,0.000
227.515,0.000
228.691,0.000
229.866,0.000
231.042,0.000
232.218,0.000
233.393,0.000
234.569,0.000
235.744,0.000
236.920,0.000
238.096,0.000
239.271,0.000
240.447,0.000
241.622,0.000
242.798,0.000
243.974,0.000
245.149,0.000
246.325,0.000
247.500,0.000
248.676,0.000
249.852,0.000
251.027,0.000
252.203,0.000
253.378,0.000
254.554,0.000
255.730,0.000
256.905,0.000
258.081,0.000
259.256,0.000
260.432,0.000
261.608,0.000
262.783,0.000
263.959,0.000
265.134,0.000
266.310,0.000
267.486,0.000
268.661,0.000
269.837,0.000
271.012,0.000
272.188,0.000
273.364,0.000
274.539,0.000
275.715,0.000
276.890,0.000
278.066,0.000
279.242,0.000
280.417,0.000
281.593,0.000
282.768,0.000
283.944,0.000
285.120,0.000
286.295,0.000
287.471,0.000
288.646,0.000
289.822,0.000
290.998,0.000
292.173,0.000
293.349,0.000
294.524,0.000
295.700,0.000
296.876,0.000
298.051,0.000
299.227,0.000
300.402,0.000
301.578,0.000
302.754,0.000
303.929,0.000
305.105,0.000
306.280,0.000
307.456,0.000
308.632,0.000
309.807,0.000
310.983,0.000
312.158,0.000
313.334,0.000
314.510,0.000
315.685,0.000
316.861,0.000
318.036,0.000
319.212,0.000
320.387,0.000
321.563,0.000
322.739,0.000
323.914,0.000
325.090,0.000
326.265,0.000
327.441,0.000
328.617,0.000
329.792,0.000
330.968,0.000
332.143,0.000
333.319,0.000
334.495,0.000
335.670,0.000
336.846,0.000
338.021,0.000
339.197,0.000
340.373,0.000
341.548,0.000
342.724,0.000
343.899,0.000
345.075,0.000
346.251,0.000
347.426,0.000
348.602,0.000
349.777,0.000
350.953,0.000
352.129,0.000
353.304,0.000
354.480,0.000
355.655,0.000
356.831,0.000
358.007,0.000
359.182,0.000
360.358,0.000
361.533,0.000
362.709,0.000
363.885,0.000
365.060,0.000
366.236,0.000
367.411,0.000
368.587,0.000
369.763,0.000
370.938,0.000
372.114,0.000
373.289,0.000
374.465,0.000
375.641,0.000
376.816,0.000
377.992,0.000
379.167,0.000
380.343,0.000
381.519,0.000
382.694,0.000
383.870,0.000
385.045,0.000
386.221,0.000
387.397,0.000
388.572,0.000
389.748,0.000
390.923,0.000
392.099,0.000
393.275,0.000
394.450,0.000
395.626,0.000
396.801,0.000
397.977,0.000
399.153,0.000
400.328,0.000
401.504,0.000
402.679,0.000
403.855,0.000
405.031,0.000
406.206,0.000
407.382,0.000
408.557,0.000
409.733,0.000
410.909,0.000
412.084,0.000
413.260,0.000
414.435,0.000
415.611,0.000
416.787,0.000
417.962,0.000
419.138,0.000
420.313,0.000
421.489,0.000
422.665,0.000
423.840,0.000
425.016,0.000
426.191,0.000
427.367,0.000
428.542,0.000
429.718,0.000
430.894,0.000
432.069,0.000
433.245,0.000
434.420,0.000
435.596,0.000
436.772,0.000
437.947,0.000
439.123,0.000
440.298,0.000
441.474,0.000
442.650,0.000
443.825,0.000
445.001,0.000
446.176,0.000
447.352,0.000
448.528,0.000
449.703,0.000
450.879,0.000
452.054,0.000
453.230,0.000
454.406,0.000
455.581,0.000
456.757,0.000
457.932,0.000
459.108,0.000
460.284,0.000
461.459,0.000
462.635,0.000
463.810,0.000
464.986,0.000
466.162,0.000
467.337,0.000
468.513,0.000
469.688,0.000
470.864,0.000
472.040,0.000
473.215,0.000
474.391,0.000
475.566,0.000
476.742,0.000
477.918,0.000
479.093,0.000
480.269,0.000
481.444,0.000
482.620,0.000
483.796,0.000
484.971,0.000
486.147,0.000
487.322,0.000
488.498,0.000
489.674,0.000
490.849,0.000
492.025,0.000
493.200,0.000
494.376,0.000
495.552,0.000
496.727,0.000
497.903,0.000
499.078,0.000
500.254,0.000
501.430,0.000
502.605,0.000
503.781,0.000
504.956,0.000
506.132,0.000
507.308,0.000
508.483,0.000
509.659,0.000
510.834,0.000
512.010,0.000
513.186,0.000
514.361,0.000
515.537,0.000
516.712,0.000
517.888,0.000
519.064,0.000
520.239,0.000
521.415,0.000
522.590,0.000
523.766,0.000
524.942,0.000
526.117,0.000
527.293,0.000
528.468,0.000
529.644,0.000
530.819,0.000
531.995,0.000
533.171,0.000
534.346,0.000
535.522,0.000
536.697,0.000
537.873,0.000
539.049,0.000
540.224,0.000
541.400,0.000
542.575,0.000
543.751,0.000
544.927,0.000
546.102,0.000
547.278,0.000
548.453,0.000
549.629,0.000
550.805,0.000
551.980,0.000
553.156,0.000
554.331,0.000
555.507,0.000
556.683,0.000
557.858,0.000
559.034,0.000
560.209,0.000
561.385,0.000
562.561,0.000
563.736,0.000
564.912,0.000
566.087,0.000
567.263,0.000
568.439,0.000
569.614,0.000
570.790,0.000
571.965,0.000
573.141,0.000
574.317,0.000
575.492,0.000
576.668,0.000
577.843,0.000
579.019,0.000
580.195,0.000
581.370,0.000
582.546,0.000
583.721,0.000
584.897,0.000
586.073,0.000
587.248,0.000
588.424,0.000
589.599,0.000
590.775,0.000
591.951,0.000
593.126,0.000
594.302,0.000
595.477,0.000
596.653,0.000
597.829,0.000
599.004,0.000
600.180,0.000
601.355,0.000
602.531,0.000
603.707,0.000
604.882,0.000
606.058,0.000
607.233,0.000
608.409,0.000
609.585,0.000
610.760,0.000
611.936,0.000
613.111,0.000
614.287,0.000
615.463,0.000
616.638,0.000
617.814,0.000
618.989,0.000
620.165,0.000
621.341,0.000
622.516,0.000
623.692,0.000
624.867,0.000
626.043,0.000
627.219,0.000
628.394,0.000
629.570,0.000
630.745,0.000
631.921,0.000
633.097,0.000
634.272,0.000
635.448,0.000
636.623,0.000
637.799,0.000
638.974,0.000
640.150,0.000
641.326,0.000
642.501,0.000
643.677,0.000
644.852,0.000
646.028,0.000
647.204,0.000
648.379,0.000
649.555,0.000
650.730,0.000
651.906,0.000
653.082,0.000
654.257,0.000
655.433,0.000
656.608,0.000
657.784,0.000
658.960,0.000
660.135,0.000
661.311,0.000
662.486,0.000
663.662,0.000
664.838,0.000
666.013,0.000
667.189,0.000
668.364,0.000
669.540,0.000
670.716,0.000
671.891,0.000
673.067,0.000
674.242,0.000
675.418,0.000
676.594,0.000
677.769,0.000
678.945,0.000
680.120,0.000
681.296,0.000
682.472,0.000
683.647,0.000
684.823,0.000
685.998,0.000
687.174,0.000
688.350,0.000
689.525,0.000
690.701,0.000
691.876,0.000
693.052,0.000
694.228,0.000
695.403,0.000
696.579,0.000
697.754,0.000
698.930,0.000
700.106,0.000
701.281,0.000
702.457,0.000
703.632,0.000
704.808,0.000
705.984,0.000
707.159,0.000
708.335,0.000
709.510,0.000
710.686,0.000
711.862,0.000
713.037,0.000
714.213,0.000
715.388,0.000
716.564,0.000
717.740,0.000
718.915,0.000
720.091,0.000
721.266,0.000
722.442,0.000
723.618,0.000
724.793,0.000
725.969,0.000
727.144,0.000
728.320,0.000
729.496,0.000
730.671,0.000
731.847,0.000
733.022,0.000
734.198,0.000
735.374,0.000
736.549,0.000
737.725,0.000
738.900,0.000
740.076,0.000
741.252,0.000
742.427,0.000
743.603,0.000
744.778,0.000
745.954,0.000
747.129,0.000
748.305,0.000
749.481,0.000
750.656,0.000
751.832,0.000
753.007,0.000
754.183,0.000
755.359,0.000
756.534,0.000
757.710,0.000
758.885,0.000
760.061,0.000
761.237,0.000
762.412,0.000
763.588,0.000
764.763,0.000
765.939,0.000
767.115,0.000
768.290,0.000
769.466,0.000
770.641,0.000
771.817,0.000
772.993,0.000
774.168,0.000
775.344,0.000
776.519,0.000
777.695,0.000
778.871,0.000
780.046,0.000
781.222,0.000
782.397,0.000
783.573,0.000
784.749,0.000
785.924,0.000
787.100,0.000
788.275,0.000
789.451,0.000
790.627,0.000
791.802,0.000
792.978,0.000
794.153,0.000
795.329,0.000
796.505,0.000
797.680,0.000
798.856,0.000
800.031,0.000
801.207,0.000
802.383,0.000
803.558,0.000
804.734,0.000
805.909,0.000
807.085,0.000
808.261,0.000
809.436,0.000
810.612,0.000
811.787,0.000
812.963,0.000
814.139,0.000
815.314,0.000
816.490,0.000
817.665,0.000
818.841,0.000
820.017,0.000
821.192,0.000
822.368,0.000
823.543,0.000
824.719,0.000
825.895,0.000
827.070,0.000
828.246,0.000
829.421,0.000
830.597,0.000
831.773,0.000
832.948,0.000
834.124,0.000
835.299,0.000
836.475,0.000
837.651,0.000
838.826,0.000
840.002,0.000
841.177,0.000
842.353,0.000
843.529,0.000
844.704,0.000
845.880,0.000
847.055,0.000
848.231,0.000
849.407,0.000
850.582,0.000
851.758,0.000
852.933,0.000
854.109,0.000
855.284,0.000
856.460,0.000
857.636,0.000
858.811,0.000
859.987,0.000
861.162,0.000
862.338,0.000
863.514,0.000
864.689,0.000
865.865,0.000
867.040,0.000
868.216,0.000
869.392,0.000
870.567,0.000
871.743,0.000
872.918,0.000
874.094,0.000
875.270,0.000
876.445,0.000
877.621,0.000
878.796,0.000
879.972,0.000
881.148,0.000
882.323,0.000
883.499,0.000
884.674,0.000
885.850,0.000
887.026,0.000
888.201,0.000
889.377,0.000
890.552,0.000
891.728,0.000
892.904,0.000
894.079,0.000
895.255,0.000
896.430,0.000
897.606,0.000
898.782,0.000
899.957,0.000
901.133,0.000
902.308,0.000
903.484,0.000
904.660,0.000
905.835,0.000
907.011,0.000
908.186,0.000
909.362,0.000
910.538,0.000
911.713,0.000
912.889,0.000
914.064,0.000
915.240,0.000
916.416,0.000
917.591,0.000
918.767,0.000
919.942,0.000
921.118,0.000
922.294,0.000
923.469,0.000
924.645,0.000
925.820,0.000
926.996,0.000
928.172,0.000
929.347,0.000
930.523,0.000
931.698,0.000
932.874,0.000
934.050,0.000
935.225,0.000
936.401,0.000
937.576,0.000
938.752,0.000
939.928,0.000
941.103,0.000
942.279,0.000
943.454,0.000
944.630,0.000
945.806,0.000
946.981,0.000
948.157,0.000
949.332,0.000
950.508,0.000
951.684,0.000
952.859,0.000
954.035,0.000
955.210,0.000
956.386,0.000
957.562,0.000
958.737,0.000
959.913,0.000
961.088,0.000
962.264,0.000
963.439,0.000
964.615,0.000
965.791,0.000
966.966,0.000
968.142,0.000
969.317,0.000
970.493,0.000
971.669,0.000
972.844,0.000
974.020,0.000
975.195,0.000
976.371,0.000
977.547,0.000
978.722,0.000
979.898,0.000
981.073,0.000
982.249,0.000
983.425,0.000
984.600,0.000
985.776,0.000
986.951,0.000
988.127,0.000
989.303,0.000
990.478,0.000
991.654,0.000
992.829,0.000
994.005,0.000
995.181,0.000
996.356,0.000
997.532,0.000
998.707,0.000
999.883,0.000
1001.059,0.000
1002.234,0.000
1003.410,0.000
1004.585,0.000
1005.761,0.000
1006.937,0.000
1008.112,0.000
1009.288,0.000
1010.463,0.000
1011.639,0.000
1012.815,0.000
1013.990,0.000
1015.166,0.000
1016.341,0.000
1017.517,0.000
1018.693,0.000
1019.868,0.000
1021.044,0.000
1022.219,0.000
1023.395,0.000
1024.571,0.000
1025.746,0.000
1026.922,0.000
1028.097,0.000
1029.273,0.000
1030.449,0.000
1031.624,0.000
1032.800,0.000
1033.975,0.000
1035.151,0.000
1036.327,0.000
1037.502,0.000
1038.678,0.000
1039.853,0.000
1041.029,0.000
1042.205,0.000
1043.380,0.000
1044.556,0.000
1045.731,0.000
1046.907,0.000
1048.083,0.000
1049.258,0.000
1050.434,0.000
1051.609,0.000
1052.785,0.000
1053.961,0.000
1055.136,0.000
1056.312,0.000
1057.487,0.000
1058.663,0.000
1059.839,0.000
1061.014,0.000
1062.190,0.000
1063.365,0.000
1064.541,0.000
1065.716,0.000
1066.892,0.000
1068.068,0.000
1069.243,0.000
1070.419,0.000
1071.594,0.000
1072.770,0.000
1073.946,0.000
1075.121,0.000
1076.297,0.000
1077.472,0.000
1078.648,0.000
1079.824,0.000
1080.999,0.000
1082.175,0.000
1083.350,0.000
1084.526,0.000
1085.702,0.000
1086.877,0.000
1088.053,0.000
1089.228,0.000
1090.404,0.000
1091.580,0.000
1092.755,0.000
1093.931,0.000
1095.106,0.000
1096.282,0.000
1097.458,0.000
1098.633,0.000
1099.809,0.000
1100.984,0.000
1102.160,0.000
1103.336,0.000
1104.511,0.000
1105.687,0.000
1106.862,0.000
1108.038,0.000
1109.214,0.000
1110.389,0.000
1111.565,0.000
1112.740,0.000
1113.916,0.000
1115.092,0.000
1116.267,0.000
1117.443,0.000
1118.618,0.000
1119.794,0.000
1120.970,0.000
1122.145,0.000
1123.321,0.000
1124.496,0.000
1125.672,0.000
1126.848,0.000
1128.023,0.000
1129.199,0.000
1130.374,0.000
1131.550,0.000
1132.726,0.000
1133.901,0.000
1135.077,0.000
1136.252,0.000
1137.428,0.000
1138.604,0.000
1139.779,0.000
1140.955,0.000
1142.130,0.000
1143.306,0.000
1144.482,0.000
1145.657,0.000
1146.833,0.000
1148.008,0.000
1149.184,0.000
1150.360,0.000
1151.535,0.000
1152.711,0.000
1153.886,0.000
1155.062,0.000
1156.238,0.000
1157.413,0.000
1158.589,0.000
1159.764,0.000
1160.940,0.000
1162.116,0.000
1163.291,0.000
1164.467,0.000
1165.642,0.000
1166.818,0.000
1167.994,0.000
1169.169,0.000
1170.345,0.000
1171.520,0.000
1172.696,0.000
1173.871,0.000
1175.047,0.000
1176.223,0.000
1177.398,0.000
1178.574,0.000
1179.749,0.000
1180.925,0.000
1182.101,0.000
1183.276,0.000
1184.452,0.000
1185.627,0.000
1186.803,0.000
1187.979,0.000
1189.154,0.000
1190.330,0.000
1191.505,0.000
1192.681,0.000
1193.857,0.000
1195.032,0.000
1196.208,0.000
1197.383,0.000
1198.559,0.000
1199.735,0.000
1200.910,0.000
1202.086,0.000
1203.261,0.000
1204.437,0.000
1205.613,0.000
1206.788,0.000
1207.964,0.000
1209.139,0.000
1210.315,0.000
1211.491,0.000
1212.666,0.000
1213.842,0.000
1215.017,0.000
1216.193,0.000
1217.369,0.000
1218.544,0.000
1219.720,0.000
1220.895,0.000
1222.071,0.000
1223.247,0.000
1224.422,0.000
1225.598,0.000
1226.773,0.000
1227.949,0.000
1229.125,0.000
1230.300,0.000
1231.476,0.000
1232.651,0.000
1233.827,0.000
1235.003,0.000
1236.178,0.000
1237.354,0.000
1238.529,0.000
1239.705,0.000
1240.881,0.000
1242.056,0.000
1243.232,0.000
1244.407,0.000
1245.583,0.000
1246.759,0.000
1247.934,0.000
1249.110,0.000
1250.285,0.000
1251.461,0.000
1252.637,0.000
1253.812,0.000
1254.988,0.000
1256.163,0.000
1257.339,0.000
1258.515,0.000
1259.690,0.000
1260.866,0.000
1262.041,0.000
1263.217,0.000
1264.393,0.000
1265.568,0.000
1266.744,0.000
1267.919,0.000
1269.095,0.000
1270.271,0.000
1271.446,0.000
1272.622,0.000
1273.797,0.000
1274.973,0.000
1276.149,0.000
1277.324,0.000
1278.500,0.000
1279.675,0.000
1280.851,0.000
1282.026,0.000
1283.202,0.000
1284.378,0.000
1285.553,0.000
1286.729,0.000
1287.904,0.000
1289.080,0.000
1290.256,0.000
1291.431,0.000
1292.607,0.000
1293.782,0.000
1294.958,0.000
1296.134,0.000
1297.309,0.000
1298.485,0.000
1299.660,0.000
1300.836,0.000
1302.012,0.000
1303.187,0.000
1304.363,0.000
1305.538,0.000
1306.714,0.000
1307.890,0.000
1309.065,0.000
1310.241,0.000
1311.416,0.000
1312.592,0.000
1313.768,0.000
1314.943,0.000
1316.119,0.000
1317.294,0.000
1318.470,0.000
1319.646,0.000
1320.821,0.000
1321.997,0.000
1323.172,0.000
1324.348,0.000
1325.524,0.000
1326.699,0.000
1327.875,0.000
1329.050,0.000
1330.226,0.000
1331.402,0.000
1332.577,0.000
1333.753,0.000
1334.928,0.000
1336.104,0.000
1337.280,0.000
1338.455,0.000
1339.631,0.000
1340.806,0.000
1341.982,0.000
1343.158,0.000
1344.333,0.000
1345.509,0.000
1346.684,0.000
1347.860,0.000
1349.036,0.000
1350.211,0.000
1351.387,0.000
1352.562,0.000
1353.738,0.000
1354.914,0.000
1356.089,0.000
1357.265,0.000
1358.440,0.000
1359.616,0.000
1360.792,0.000
1361.967,0.000
1363.143,0.000
1364.318,0.000
1365.494,0.000
1366.670,0.000
1367.845,0.000
1369.021,0.000
1370.196,0.000
1371.372,0.000
1372.548,0.000
1373.723,0.000
1374.899,0.000
1376.074,0.000
1377.250,0.000
1378.426,0.000
1379.601,0.000
1380.777,0.000
1381.952,0.000
1383.128,0.000
1384.304,0.000
1385.479,0.000
1386.655,0.000
1387.830,0.000
1389.006,0.000
1390.181,0.000
1391.357,0.000
1392.533,0.000
1393.708,0.000
1394.884,0.000
1396.059,0.000
1397.235,0.000
1398.411,0.000
1399.586,0.000
1400.762,0.000
1401.937,0.000
1403.113,0.000
1404.289,0.000
1405.464,0.000
1406.640,0.000
1407.815,0.000
1408.991,0.000
1410.167,0.000
1411.342,0.000
1412.518,0.000
1413.693,0.000
1414.869,0.000
1416.045,0.000
1417.220,0.000
1418.396,0.000
1419.571,0.000
1420.747,0.000
1421.923,0.000
1423.098,0.000
1424.274,0.000
1425.449,0.000
1426.625,0.000
1427.801,0.000
1428.976,0.000
1430.152,0.000
1431.327,0.000
1432.503,0.000
1433.679,0.000
1434.854,0.000
1436.030,0.000
1437.205,0.000
1438.381,0.000
1439.557,0.000
1440.732,0.000
1441.908,0.000
1443.083,0.000
1444.259,0.000
1445.435,0.000
1446.610,0.000
1447.786,0.000
1448.961,0.000
1450.137,0.000
1451.313,0.000
1452.488,0.000
1453.664,0.000
1454.839,0.000
1456.015,0.000
1457.191,0.000
1458.366,0.000
1459.542,0.000
1460.717,0.000
1461.893,0.000
1463.069,0.000
1464.244,0.000
1465.420,0.000
1466.595,0.000
1467.771,0.000
1468.947,0.000
1470.122,0.000
1471.298,0.000
1472.473,0.000
1473.649,0.000
1474.825,0.000
1476.000,0.000
1477.176,0.000
1478.351,0.000
1479.527,0.000
1480.703,0.000
1481.878,0.000
1483.054,0.000
1484.229,0.000
1485.405,0.000
1486.581,0.000
1487.756,0.000
1488.932,0.000
1490.107,0.000
1491.283,0.000
1492.458,0.000
1493.634,0.000
1494.810,0.000
1495.985,0.000
1497.161,0.000
1498.336,0.000
1499.512,0.000
1500.688,0.000
1501.863,0.000
1503.039,0.000
1504.214,0.000
1505.390,0.000
1506.566,0.000
1507.741,0.000
1508.917,0.000
1510.092,0.000
1511.268,0.000
1512.444,0.000
1513.619,0.000
1514.795,0.000
1515.970,0.000
1517.146,0.000
1518.322,0.000
1519.497,0.000
1520.673,0.000
1521.848,0.000
1523.024,0.000
1524.200,0.000
1525.375,0.000
1526.551,0.000
1527.726,0.000
1528.902,0.000
1530.078,0.000
1531.253,0.000
1532.429,0.000
1533.604,0.000
1534.780,0.000
1535.956,0.000
1537.131,0.000
1538.307,0.000
1539.482,0.000
1540.658,0.000
1541.834,0.000
1543.009,0.000
1544.185,0.000
1545.360,0.000
1546.536,0.000
1547.712,0.000
1548.887,0.000
1550.063,0.000
1551.238,0.000
1552.414,0.000
1553.590,0.000
1554.765,0.000
1555.941,0.000
1557.116,0.000
1558.292,0.000
1559.468,0.000
1560.643,0.000
1561.819,0.000
1562.994,0.000
1564.170,0.000
1565.346,0.000
1566.521,0.000
1567.697,0.000
1568.872,0.000
1570.048,0.000
1571.224,0.000
1572.399,0.000
1573.575,0.000
1574.750,0.000
1575.926,0.000
1577.102,0.000
1578.277,0.000
1579.453,0.000
1580.628,0.000
1581.804,0.000
1582.980,0.000
1584.155,0.000
1585.331,0.000
1586.506,0.000
1587.682,0.000
1588.858,0.000
1590.033,0.000
1591.209,0.000
1592.384,0.000
1593.560,0.000
1594.736,0.000
1595.911,0.000
1597.087,0.000
1598.262,0.000
1599.438,0.000
1600.613,0.000
1601.789,0.000
1602.965,0.000
1604.140,0.000
1605.316,0.000
1606.491,0.000
1607.667,0.000
1608.843,0.000
1610.018,0.000
1611.194,0.000
1612.369,0.000
1613.545,0.000
1614.721,0.000
1615.896,0.000
1617.072,0.000
1618.247,0.000
1619.423,0.000
1620.599,0.000
1621.774,0.000
1622.950,0.000
1624.125,0.000
1625.301,0.000
1626.477,0.000
1627.652,0.000
1628.828,0.000
1630.003,0.000
1631.179,0.000
1632.355,0.000
1633.530,0.000
1634.706,0.000
1635.881,0.000
1637.057,0.000
1638.233,0.000
1639.408,0.000
1640.584,0.000
1641.759,0.000
1642.935,0.000
1644.111,0.000
1645.286,0.000
1646.462,0.000
1647.637,0.000
1648.813,0.000
1649.989,0.000
1651.164,0.000
1652.340,0.000
1653.515,0.000
1654.691,0.000
1655.867,0.000
1657.042,0.000
1658.218,0.000
1659.393,0.000
1660.569,0.000
1661.745,0.000
1662.920,0.000
1664.096,0.000
1665.271,0.000
1666.447,0.000
1667.623,0.000
1668.798,0.000
1669.974,0.000
1671.149,0.000
1672.325,0.000
1673.501,0.000
1674.676,0.000
1675.852,0.000
1677.027,0.000
1678.203,0.000
1679.379,0.000
1680.554,0.000
1681.730,0.000
1682.905,0.000
1684.081,0.000
1685.257,0.000
1686.432,0.000
1687.608,0.000
1688.783,0.000
1689.959,0.000
1691.135,0.000
1692.310,0.000
1693.486,0.000
1694.661,0.000
1695.837,0.000
1697.013,0.000
1698.188,0.000
1699.364,0.000
1700.539,0.000
1701.715,0.000
1702.891,0.000
1704.066,0.000
1705.242,0.000
1706.417,0.000
1707.593,0.000
1708.768,0.000
1709.944,0.000
1711.120,0.000
1712.295,0.000
1713.471,0.000
1714.646,0.000
1715.822,0.000
1716.998,0.000
1718.173,0.000
1719.349,0.000
1720.524,0.000
1721.700,0.000
1722.876,0.000
1724.051,0.000
1725.227,0.000
1726.402,0.000
1727.578,0.000
1728.754,0.000
1729.929,0.000
1731.105,0.000
1732.280,0.000
1733.456,0.000
1734.632,0.000
1735.807,0.000
1736.983,0.000
1738.158,0.000
1739.334,0.000
1740.510,0.000
1741.685,0.000
1742.861,0.000
1744.036,0.000
1745.212,0.000
1746.388,0.000
1747.563,0.000
1748.739,0.000
1749.914,0.000
1751.090,0.000
1752.266,0.000
1753.441,0.000
1754.617,0.000
1755.792,0.000
1756.968,0.000
1758.144,0.000
1759.319,0.000
1760.495,0.000
1761.670,0.000
1762.846,0.000
1764.022,0.000
1765.197,0.000
1766.373,0.000
1767.548,0.000
1768.724,0.000
1769.900,0.000
1771.075,0.000
1772.251,0.000
1773.426,0.000
1774.602,0.000
1775.778,0.000
1776.953,0.000
1778.129,0.000
1779.304,0.000
1780.480,0.000
1781.656,0.000
1782.831,0.000
1784.007,0.000
1785.182,0.000
1786.358,0.000
1787.534,0.000
1788.709,0.000
1789.885,0.000
1791.060,0.000
1792.236,0.000
1793.412,0.000
1794.587,0.000
1795.763,0.000
1796.938,0.000
1798.114,0.000
1799.290,0.000
1800.465,0.000
1801.641,0.000
1802.816,0.000
1803.992,0.000
1805.168,0.000
1806.343,0.000
1807.519,0.000
1808.694,0.000
1809.870,0.000
1811.046,0.000
1812.221,0.000
1813.397,0.000
1814.572,0.000
1815.748,0.000
1816.923,0.000
1818.099,0.000
1819.275,0.000
1820.450,0.000
1821.626,0.000
1822.801,0.000
1823.977,0.000
1825.153,0.000
1826.328,0.000
1827.504,0.000
1828.679,0.000
1829.855,0.000
1831.031,0.000
1832.206,0.000
1833.382,0.000
1834.557,0.000
1835.733,0.000
1836.909,0.000
1838.084,0.000
1839.260,0.000
1840.435,0.000
1841.611,0.000
1842.787,0.000
1843.962,0.000
1845.138,0.000
1846.313,0.000
1847.489,0.000
1848.665,0.000
1849.840,0.000
1851.016,0.000
1852.191,0.000
1853.367,0.000
1854.543,0.000
1855.718,0.000
1856.894,0.000
1858.069,0.000
1859.245,0.000
1860.421,0.000
1861.596,0.000
1862.772,0.000
1863.947,0.000
1865.123,0.000
1866.299,0.000
1867.474,0.000
1868.650,0.000
1869.825,0.000
1871.001,0.000
1872.177,0.000
1873.352,0.000
1874.528,0.000
1875.703,0.000
1876.879,0.000
1878.055,0.000
1879.230,0.000
1880.406,0.000
1881.581,0.000
1882.757,0.000
1883.933,0.000
1885.108,0.000
1886.284,0.000
1887.459,0.000
1888.635,0.000
1889.811,0.000
1890.986,0.000
1892.162,0.000
1893.337,0.000
1894.513,0.000
1895.689,0.000
1896.864,0.000
1898.040,0.000
1899.215,0.000
1900.391,0.000
1901.567,0.000
1902.742,0.000
1903.918,0.000
1905.093,0.000
1906.269,0.000
1907.445,0.000
1908.620,0.000
1909.796,0.000
1910.971,0.000
1912.147,0.000
1913.323,0.000
1914.498,0.000
1915.674,0.000
1916.849,0.000
1918.025,0.000
1919.201,0.000
1920.376,0.000
1921.552,0.000
1922.727,0.000
1923.903,0.000
1925.078,0.000
1926.254,0.000
1927.430,0.000
1928.605,0.000
1929.781,0.000
1930.956,0.000
1932.132,0.000
1933.308,0.000
1934.483,0.000
1935.659,0.000
1936.834,0.000
1938.010,0.000
1939.186,0.000
1940.361,0.000
1941.537,0.000
1942.712,0.000
1943.888,0.000
1945.064,0.000
1946.239,0.000
1947.415,0.000
1948.590,0.000
1949.766,0.000
1950.942,0.000
1952.117,0.000
1953.293,0.000
1954.468,0.000
1955.644,0.000
1956.820,0.000
1957.995,0.000
1959.171,0.000
1960.346,0.000
1961.522,0.000
1962.698,0.000
1963.873,0.000
1965.049,0.000
1966.224,0.000
1967.400,0.000
1968.576,0.000
1969.751,0.000
1970.927,0.000
1972.102,0.000
1973.278,0.000
1974.454,0.000
1975.629,0.000
1976.805,0.000
1977.980,0.000
1979.156,0.000
1980.332,0.000
1981.507,0.000
1982.683,0.000
1983.858,0.000
1985.034,0.000
1986.210,0.000
1987.385,0.000
1988.561,0.000
1989.736,0.000
1990.912,0.000
1992.088,0.000
1993.263,0.000
1994.439,0.000
1995.614,0.000
1996.790,0.000
1997.966,0.000
1999.141,0.000
2000.317,0.000
2001.492,0.000
2002.668,0.000
2003.844,0.000
2005.019,0.000
2006.195,0.000
2007.370,0.000
2008.546,0.000
2009.722,0.000
2010.897,0.000
2012.073,0.000
2013.248,0.000
2014.424,0.000
2015.600,0.000
2016.775,0.000
2017.951,0.000
2019.126,0.000
2020.302,0.000
2021.478,0.000
2022.653,0.000
2023.829,0.000
2025.004,0.000
2026.180,0.000
2027.355,0.000
2028.531,0.000
2029.707,0.000
2030.882,0.000
2032.058,0.000
2033.233,0.000
2034.409,0.000
2035.585,0.000
2036.760,0.000
2037.936,0.000
2039.111,0.000
2040.287,0.000
2041.463,0.000
2042.638,0.000
2043.814,0.000
2044.989,0.000
2046.165,0.000
2047.341,0.000
2048.516,0.000
2049.692,0.000
2050.867,0.000
2052.043,0.000
2053.219,0.000
2054.394,0.000
2055.570,0.000
2056.745,0.000
2057.921,0.000
2059.097,0.000
2060.272,0.000
2061.448,0.000
2062.623,0.000
2063.799,0.000
2064.975,0.000
2066.150,0.000
2067.326,0.000
2068.501,0.000
2069.677,0.000
2070.853,0.000
2072.028,0.000
2073.204,0.000
2074.379,0.000
2075.555,0.000
2076.731,0.000
2077.906,0.000
2079.082,0.000
2080.257,0.000
2081.433,0.000
2082.609,0.000
2083.784,0.000
2084.960,0.000
2086.135,0.000
2087.311,0.000
2088.487,0.000
2089.662,0.000
2090.838,0.000
2092.013,0.000
2093.189,0.000
2094.365,0.000
2095.540,0.000
2096.716,0.000
2097.891,0.000
2099.067,0.000
2100.243,0.000
2101.418,0.000
2102.594,0.000
2103.769,0.000
2104.945,0.000
2106.121,0.000
2107.296,0.000
2108.472,0.000
2109.647,0.000
2110.823,0.000
2111.999,0.000
2113.174,0.000
2114.350,0.000
2115.525,0.000
2116.701,0.000
2117.877,0.000
2119.052,0.000
2120.228,0.000
2121.403,0.000
2122.579,0.000
2123.755,0.000
2124.930,0.000
2126.106,0.000
2127.281,0.000
2128.457,0.000
2129.633,0.000
2130.808,0.000
2131.984,0.000
2133.159,0.000
2134.335,0.000
2135.510,0.000
2136.686,0.000
2137.862,0.000
2139.037,0.000
2140.213,0.000
2141.388,0.000
2142.564,0.000
2143.740,0.000
2144.915,0.000
2146.091,0.000
2147.266,0.000
2148.442,0.000
2149.618,0.000
2150.793,0.000
2151.969,0.000
2153.144,0.000
2154.320,0.000
2155.496,0.000
2156.671,0.000
2157.847,0.000
2159.022,0.000
2160.198,0.000
2161.374,0.000
2162.549,0.000
2163.725,0.000
2164.900,0.000
2166.076,0.000
2167.252,0.000
2168.427,0.000
2169.603,0.000
2170.778,0.000
2171.954,0.000
2173.130,0.000
2174.305,0.000
2175.481,0.000
2176.656,0.000
2177.832,0.000
2179.008,0.000
2180.183,0.000
2181.359,0.000
2182.534,0.000
2183.710,0.000
2184.886,0.000
2186.061,0.000
2187.237,0.000
2188.412,0.000
2189.588,0.000
2190.764,0.000
2191.939,0.000
2193.115,0.000
2194.290,0.000
2195.466,0.000
2196.642,0.000
2197.817,0.000
2198.993,0.000
2200.168,0.000
2201.344,0.000
2202.520,0.000
2203.695,0.000
2204.871,0.000
2206.046,0.000
2207.222,0.000
2208.398,0.000
2209.573,0.000
2210.749,0.000
2211.924,0.000
2213.100,0.000
2214.276,0.000
2215.451,0.000
2216.627,0.000
2217.802,0.000
2218.978,0.000
2220.154,0.000
2221.329,0.000
2222.505,0.000
2223.680,0.000
2224.856,0.000
2226.032,0.000
2227.207,0.000
2228.383,0.000
2229.558,0.000
2230.734,0.000
2231.910,0.000
2233.085,0.000
2234.261,0.000
2235.436,0.000
2236.612,0.000
2237.788,0.000
2238.963,0.000
2240.139,0.000
2241.314,0.000
2242.490,0.000
2243.665,0.000
2244.841,0.000
2246.017,0.000
2247.192,0.000
2248.368,0.000
2249.543,0.000
2250.719,0.000
2251.895,0.000
2253.070,0.000
2254.246,0.000
2255.421,0.000
2256.597,0.000
2257.773,0.000
2258.948,0.000
2260.124,0.000
2261.299,0.000
2262.475,0.000
2263.651,0.000
2264.826,0.000
2266.002,0.000
2267.177,0.000
2268.353,0.000
2269.529,0.000
2270.704,0.000
2271.880,0.000
2273.055,0.000
2274.231,0.000
2275.407,0.000
2276.582,0.000
2277.758,0.000
2278.933,0.000
2280.109,0.000
2281.285,0.000
2282.460,0.000
2283.636,0.000
2284.811,0.000
2285.987,0.000
2287.163,0.000
2288.338,0.000
2289.514,0.000
2290.689,0.000
2291.865,0.000
2293.041,0.000
2294.216,0.000
2295.392,0.000
2296.567,0.000
2297.743,0.000
2298.919,0.000
2300.094,0.000
2301.270,0.000
2302.445,0.000
2303.621,0.000
2304.797,0.000
2305.972,0.000
2307.148,0.000
2308.323,0.000
2309.499,0.000
2310.675,0.000
2311.850,0.000
2313.026,0.000
2314.201,0.000
2315.377,0.000
2316.553,0.000
2317.728,0.000
2318.904,0.000
2320.079,0.000
2321.255,0.000
2322.431,0.000
2323.606,0.000
2324.782,0.000
2325.957,0.000
2327.133,0.000
2328.309,0.000
2329.484,0.000
2330.660,0.000
2331.835,0.000
2333.011,0.000
2334.187,0.000
2335.362,0.000
2336.538,0.000
2337.713,0.000
2338.889,0.000
2340.065,0.000
2341.240,0.000
2342.416,0.000
2343.591,0.000
2344.767,0.000
2345.943,0.000
2347.118,0.000
2348.294,0.000
2349.469,0.000
2350.645,0.000
2351.820,0.000
2352.996,0.000
2354.172,0.000
2355.347,0.000
2356.523,0.000
2357.698,0.000
2358.874,0.000
2360.050,0.000
2361.225,0.000
2362.401,0.000
2363.576,0.000
2364.752,0.000
2365.928,0.000
2367.103,0.000
2368.279,0.000
2369.454,0.000
2370.630,0.000
2371.806,0.000
2372.981,0.000
2374.157,0.000
2375.332,0.000
2376.508,0.000
2377.684,0.000
2378.859,0.000
2380.035,0.000
2381.210,0.000
2382.386,0.000
2383.562,0.000
2384.737,0.000
2385.913,0.000
2387.088,0.000
2388.264,0.000
2389.440,0.000
2390.615,0.000
2391.791,0.000
2392.966,0.000
2394.142,0.000
2395.318,0.000
2396.493,0.000
2397.669,0.000
2398.844,0.000
2400.020,8.219
